Isolated Classes;AuditAcessoEJB.java;/home/alessandro/workspace_siga/sigaept-edu-ejb/ejbModule/org/sigaept/edu/negocio/ejb
Isolated Classes;AuditSessaoEJB.java;/home/alessandro/workspace_siga/sigaept-edu-ejb/ejbModule/org/sigaept/edu/negocio/ejb
Isolated Classes;ManterAprovadoProcessoSeletivoEJB.java;/home/alessandro/workspace_siga/sigaept-edu-ejb/ejbModule/org/sigaept/edu/negocio/ejb
Isolated Classes;ManterAvaliarProjetoExtensaoEJB.java;/home/alessandro/workspace_siga/sigaept-edu-ejb/ejbModule/org/sigaept/edu/negocio/ejb
Isolated Classes;ManterCategoriaProjetoExtensaoEJB.java;/home/alessandro/workspace_siga/sigaept-edu-ejb/ejbModule/org/sigaept/edu/negocio/ejb
Isolated Classes;ManterConjuntoTemplateRelatorioEstagioEJB.java;/home/alessandro/workspace_siga/sigaept-edu-ejb/ejbModule/org/sigaept/edu/negocio/ejb
Isolated Classes;ManterConvenioEstagioEJB.java;/home/alessandro/workspace_siga/sigaept-edu-ejb/ejbModule/org/sigaept/edu/negocio/ejb
Isolated Classes;ManterCriterioClassificacaoEJB.java;/home/alessandro/workspace_siga/sigaept-edu-ejb/ejbModule/org/sigaept/edu/negocio/ejb
Isolated Classes;ManterDataFixaEJB.java;/home/alessandro/workspace_siga/sigaept-edu-ejb/ejbModule/org/sigaept/edu/negocio/ejb
Isolated Classes;ManterDiaSemanaEJB.java;/home/alessandro/workspace_siga/sigaept-edu-ejb/ejbModule/org/sigaept/edu/negocio/ejb
Isolated Classes;ManterEditalProcessoSeletivoEJB.java;/home/alessandro/workspace_siga/sigaept-edu-ejb/ejbModule/org/sigaept/edu/negocio/ejb
Isolated Classes;ManterEixoTecnologicoEJB.java;/home/alessandro/workspace_siga/sigaept-edu-ejb/ejbModule/org/sigaept/edu/negocio/ejb
Isolated Classes;ManterEnadeEJB.java;/home/alessandro/workspace_siga/sigaept-edu-ejb/ejbModule/org/sigaept/edu/negocio/ejb
Isolated Classes;ManterEquipamentoEnsinoEJB.java;/home/alessandro/workspace_siga/sigaept-edu-ejb/ejbModule/org/sigaept/edu/negocio/ejb
Isolated Classes;ManterEstruturaOrganizacionalEJB.java;/home/alessandro/workspace_siga/sigaept-edu-ejb/ejbModule/org/sigaept/edu/negocio/ejb
Isolated Classes;ManterEventoExternoEJB.java;/home/alessandro/workspace_siga/sigaept-edu-ejb/ejbModule/org/sigaept/edu/negocio/ejb
Isolated Classes;ManterIngressoEJB.java;/home/alessandro/workspace_siga/sigaept-edu-ejb/ejbModule/org/sigaept/edu/negocio/ejb
Isolated Classes;ManterInscricaoProgramasAssistenciaEstudantilEJB.java;/home/alessandro/workspace_siga/sigaept-edu-ejb/ejbModule/org/sigaept/edu/negocio/ejb
Isolated Classes;ManterLancamentoDadosHistoricoEJB.java;/home/alessandro/workspace_siga/sigaept-edu-ejb/ejbModule/org/sigaept/edu/negocio/ejb
Isolated Classes;ManterOfertaVagaEJB.java;/home/alessandro/workspace_siga/sigaept-edu-ejb/ejbModule/org/sigaept/edu/negocio/ejb
Isolated Classes;ManterPerfilEJB.java;/home/alessandro/workspace_siga/sigaept-edu-ejb/ejbModule/org/sigaept/edu/negocio/ejb
Isolated Classes;ManterPerguntasProgramasAssistenciaEstudantilEJB.java;/home/alessandro/workspace_siga/sigaept-edu-ejb/ejbModule/org/sigaept/edu/negocio/ejb
Isolated Classes;ManterPeriodoAcompanhamentoEJB.java;/home/alessandro/workspace_siga/sigaept-edu-ejb/ejbModule/org/sigaept/edu/negocio/ejb
Isolated Classes;ManterPeriodoInscricaoProgramaAssisEstudantilEJB.java;/home/alessandro/workspace_siga/sigaept-edu-ejb/ejbModule/org/sigaept/edu/negocio/ejb
Isolated Classes;ManterPermissaoEJB.java;/home/alessandro/workspace_siga/sigaept-edu-ejb/ejbModule/org/sigaept/edu/negocio/ejb
Isolated Classes;ManterProcedimentoTreinamentoEJB.java;/home/alessandro/workspace_siga/sigaept-edu-ejb/ejbModule/org/sigaept/edu/negocio/ejb
Isolated Classes;ManterProgramaAssistenciaEstudantilEJB.java;/home/alessandro/workspace_siga/sigaept-edu-ejb/ejbModule/org/sigaept/edu/negocio/ejb
Isolated Classes;ManterProgramaEJB.java;/home/alessandro/workspace_siga/sigaept-edu-ejb/ejbModule/org/sigaept/edu/negocio/ejb
Isolated Classes;ManterRegimeMatriculaEJB.java;/home/alessandro/workspace_siga/sigaept-edu-ejb/ejbModule/org/sigaept/edu/negocio/ejb
Isolated Classes;ManterRelatorioAcompanhamentoEJB.java;/home/alessandro/workspace_siga/sigaept-edu-ejb/ejbModule/org/sigaept/edu/negocio/ejb
Isolated Classes;ManterRelatorioEstagioEJB.java;/home/alessandro/workspace_siga/sigaept-edu-ejb/ejbModule/org/sigaept/edu/negocio/ejb
Isolated Classes;ManterReservaAmbienteDeAprendizagemEJB.java;/home/alessandro/workspace_siga/sigaept-edu-ejb/ejbModule/org/sigaept/edu/negocio/ejb
Isolated Classes;ManterReservaEquipamentoEnsinoEJB.java;/home/alessandro/workspace_siga/sigaept-edu-ejb/ejbModule/org/sigaept/edu/negocio/ejb
Isolated Classes;ManterTemplateRelatorioEstagioEJB.java;/home/alessandro/workspace_siga/sigaept-edu-ejb/ejbModule/org/sigaept/edu/negocio/ejb
Isolated Classes;ManterTermoEstagioEJB.java;/home/alessandro/workspace_siga/sigaept-edu-ejb/ejbModule/org/sigaept/edu/negocio/ejb
Isolated Classes;ManterTipoLancamentoDadosHistoricoEJB.java;/home/alessandro/workspace_siga/sigaept-edu-ejb/ejbModule/org/sigaept/edu/negocio/ejb
Isolated Classes;ManterTipoOcorrenciaEJB.java;/home/alessandro/workspace_siga/sigaept-edu-ejb/ejbModule/org/sigaept/edu/negocio/ejb
Isolated Classes;ManterTipoParentescoEJB.java;/home/alessandro/workspace_siga/sigaept-edu-ejb/ejbModule/org/sigaept/edu/negocio/ejb
Isolated Classes;ManterTreinamentoEJB.java;/home/alessandro/workspace_siga/sigaept-edu-ejb/ejbModule/org/sigaept/edu/negocio/ejb
Isolated Classes;ManterValidaDocumentoEJB.java;/home/alessandro/workspace_siga/sigaept-edu-ejb/ejbModule/org/sigaept/edu/negocio/ejb
Isolated Classes;ManterVerificacaoCasoEJB.java;/home/alessandro/workspace_siga/sigaept-edu-ejb/ejbModule/org/sigaept/edu/negocio/ejb
Isolated Classes;ManterVersaoEJB.java;/home/alessandro/workspace_siga/sigaept-edu-ejb/ejbModule/org/sigaept/edu/negocio/ejb
Isolated Classes;ManterVisitaTecnicaGerencialEJB.java;/home/alessandro/workspace_siga/sigaept-edu-ejb/ejbModule/org/sigaept/edu/negocio/ejb
Isolated Classes;MenuEJB.java;/home/alessandro/workspace_siga/sigaept-edu-ejb/ejbModule/org/sigaept/edu/negocio/ejb
Isolated Classes;RelatorioEJB.java;/home/alessandro/workspace_siga/sigaept-edu-ejb/ejbModule/org/sigaept/edu/negocio/ejb