Class with no body;AuditColecaoEJB.java;/home/alessandro/workspace_siga/sigaept-edu-ejb/ejbModule/org/sigaept/edu/negocio/ejb
Class with no body;AuditDadosEJB.java;/home/alessandro/workspace_siga/sigaept-edu-ejb/ejbModule/org/sigaept/edu/negocio/ejb
Class with no body;AuditObjetoEJB.java;/home/alessandro/workspace_siga/sigaept-edu-ejb/ejbModule/org/sigaept/edu/negocio/ejb
Class with no body;AuditStatusTransacaoEJB.java;/home/alessandro/workspace_siga/sigaept-edu-ejb/ejbModule/org/sigaept/edu/negocio/ejb
Class with no body;AuditTabelaEJB.java;/home/alessandro/workspace_siga/sigaept-edu-ejb/ejbModule/org/sigaept/edu/negocio/ejb
Class with no body;AuditTipoOperacaoEJB.java;/home/alessandro/workspace_siga/sigaept-edu-ejb/ejbModule/org/sigaept/edu/negocio/ejb
Class with no body;ManterAgenciaPagamentoEJB.java;/home/alessandro/workspace_siga/sigaept-edu-ejb/ejbModule/org/sigaept/edu/negocio/ejb
Class with no body;ManterAplicacaoPerguntasAssistenciaEstudantilEJB.java;/home/alessandro/workspace_siga/sigaept-edu-ejb/ejbModule/org/sigaept/edu/negocio/ejb
Class with no body;ManterAreaConhecimentoEJB.java;/home/alessandro/workspace_siga/sigaept-edu-ejb/ejbModule/org/sigaept/edu/negocio/ejb
Class with no body;ManterAreaEstagioEJB.java;/home/alessandro/workspace_siga/sigaept-edu-ejb/ejbModule/org/sigaept/edu/negocio/ejb
Class with no body;ManterAreaIngressoEJB.java;/home/alessandro/workspace_siga/sigaept-edu-ejb/ejbModule/org/sigaept/edu/negocio/ejb
Class with no body;ManterAreaProcedenciaEJB.java;/home/alessandro/workspace_siga/sigaept-edu-ejb/ejbModule/org/sigaept/edu/negocio/ejb
Class with no body;ManterAreaTematicaEJB.java;/home/alessandro/workspace_siga/sigaept-edu-ejb/ejbModule/org/sigaept/edu/negocio/ejb
Class with no body;ManterAreaUnescoEJB.java;/home/alessandro/workspace_siga/sigaept-edu-ejb/ejbModule/org/sigaept/edu/negocio/ejb
Class with no body;ManterAulaEJB.java;/home/alessandro/workspace_siga/sigaept-edu-ejb/ejbModule/org/sigaept/edu/negocio/ejb
Class with no body;ManterBancoPagamentoEJB.java;/home/alessandro/workspace_siga/sigaept-edu-ejb/ejbModule/org/sigaept/edu/negocio/ejb
Class with no body;ManterCancelamentoMatriculaClasseEJB.java;/home/alessandro/workspace_siga/sigaept-edu-ejb/ejbModule/org/sigaept/edu/negocio/ejb
Class with no body;ManterCancelamentoMatriculaCursoEJB.java;/home/alessandro/workspace_siga/sigaept-edu-ejb/ejbModule/org/sigaept/edu/negocio/ejb
Class with no body;ManterCargoEJB.java;/home/alessandro/workspace_siga/sigaept-edu-ejb/ejbModule/org/sigaept/edu/negocio/ejb
Class with no body;ManterCategoriaAmbienteAprendizagemEJB.java;/home/alessandro/workspace_siga/sigaept-edu-ejb/ejbModule/org/sigaept/edu/negocio/ejb
Class with no body;ManterCategoriaProgramaEJB.java;/home/alessandro/workspace_siga/sigaept-edu-ejb/ejbModule/org/sigaept/edu/negocio/ejb
Class with no body;ManterClasseServidorEJB.java;/home/alessandro/workspace_siga/sigaept-edu-ejb/ejbModule/org/sigaept/edu/negocio/ejb
Class with no body;ManterConfiguracaoGeralEJB.java;/home/alessandro/workspace_siga/sigaept-edu-ejb/ejbModule/org/sigaept/edu/negocio/ejb
Class with no body;ManterContaCorrentePagamentoEJB.java;/home/alessandro/workspace_siga/sigaept-edu-ejb/ejbModule/org/sigaept/edu/negocio/ejb
Class with no body;ManterContextoPermissaoAcessoEJB.java;/home/alessandro/workspace_siga/sigaept-edu-ejb/ejbModule/org/sigaept/edu/negocio/ejb
Class with no body;ManterDescricaoCriterioClassificacaoEJB.java;/home/alessandro/workspace_siga/sigaept-edu-ejb/ejbModule/org/sigaept/edu/negocio/ejb
Class with no body;ManterEgressoEJB.java;/home/alessandro/workspace_siga/sigaept-edu-ejb/ejbModule/org/sigaept/edu/negocio/ejb
Class with no body;ManterEixoTecnologicoCursoNaoCatalagoEJB.java;/home/alessandro/workspace_siga/sigaept-edu-ejb/ejbModule/org/sigaept/edu/negocio/ejb
Class with no body;ManterEixoTecnologicoCursoSuperiorEJB.java;/home/alessandro/workspace_siga/sigaept-edu-ejb/ejbModule/org/sigaept/edu/negocio/ejb
Class with no body;ManterEixoTecnologicoCursoTecnicoEJB.java;/home/alessandro/workspace_siga/sigaept-edu-ejb/ejbModule/org/sigaept/edu/negocio/ejb
Class with no body;ManterEmailEJB.java;/home/alessandro/workspace_siga/sigaept-edu-ejb/ejbModule/org/sigaept/edu/negocio/ejb
Class with no body;ManterEstadoCivilEJB.java;/home/alessandro/workspace_siga/sigaept-edu-ejb/ejbModule/org/sigaept/edu/negocio/ejb
Class with no body;ManterEstagioEJB.java;/home/alessandro/workspace_siga/sigaept-edu-ejb/ejbModule/org/sigaept/edu/negocio/ejb
Class with no body;ManterEtniaEJB.java;/home/alessandro/workspace_siga/sigaept-edu-ejb/ejbModule/org/sigaept/edu/negocio/ejb
Class with no body;ManterFonteFinanciamentoEJB.java;/home/alessandro/workspace_siga/sigaept-edu-ejb/ejbModule/org/sigaept/edu/negocio/ejb
Class with no body;ManterFormaOfertaEJB.java;/home/alessandro/workspace_siga/sigaept-edu-ejb/ejbModule/org/sigaept/edu/negocio/ejb
Class with no body;ManterFuncaoServidorEJB.java;/home/alessandro/workspace_siga/sigaept-edu-ejb/ejbModule/org/sigaept/edu/negocio/ejb
Class with no body;ManterGrauFormacaoEJB.java;/home/alessandro/workspace_siga/sigaept-edu-ejb/ejbModule/org/sigaept/edu/negocio/ejb
Class with no body;ManterLocalizacaoEJB.java;/home/alessandro/workspace_siga/sigaept-edu-ejb/ejbModule/org/sigaept/edu/negocio/ejb
Class with no body;ManterModalidadeCursoEJB.java;/home/alessandro/workspace_siga/sigaept-edu-ejb/ejbModule/org/sigaept/edu/negocio/ejb
Class with no body;ManterMunicipioEJB.java;/home/alessandro/workspace_siga/sigaept-edu-ejb/ejbModule/org/sigaept/edu/negocio/ejb
Class with no body;ManterNecessidadeEspecialEJB.java;/home/alessandro/workspace_siga/sigaept-edu-ejb/ejbModule/org/sigaept/edu/negocio/ejb
Class with no body;ManterNivelFuncionalServidorEJB.java;/home/alessandro/workspace_siga/sigaept-edu-ejb/ejbModule/org/sigaept/edu/negocio/ejb
Class with no body;ManterOrganizacaoAcademicaEJB.java;/home/alessandro/workspace_siga/sigaept-edu-ejb/ejbModule/org/sigaept/edu/negocio/ejb
Class with no body;ManterOrgaoExpedidorEJB.java;/home/alessandro/workspace_siga/sigaept-edu-ejb/ejbModule/org/sigaept/edu/negocio/ejb
Class with no body;ManterOrgaosExternos.java;/home/alessandro/workspace_siga/sigaept-edu-ejb/ejbModule/org/sigaept/edu/negocio/ejb
Class with no body;ManterPaisEJB.java;/home/alessandro/workspace_siga/sigaept-edu-ejb/ejbModule/org/sigaept/edu/negocio/ejb
Class with no body;ManterPapelParticipanteEJB.java;/home/alessandro/workspace_siga/sigaept-edu-ejb/ejbModule/org/sigaept/edu/negocio/ejb
Class with no body;ManterParentescoEJB.java;/home/alessandro/workspace_siga/sigaept-edu-ejb/ejbModule/org/sigaept/edu/negocio/ejb
Class with no body;ManterPeriodicidadeIngressoEJB.java;/home/alessandro/workspace_siga/sigaept-edu-ejb/ejbModule/org/sigaept/edu/negocio/ejb
Class with no body;ManterPlanoEstudoEJB.java;/home/alessandro/workspace_siga/sigaept-edu-ejb/ejbModule/org/sigaept/edu/negocio/ejb
Class with no body;ManterPoloEadEJB.java;/home/alessandro/workspace_siga/sigaept-edu-ejb/ejbModule/org/sigaept/edu/negocio/ejb
Class with no body;ManterProfissaoEJB.java;/home/alessandro/workspace_siga/sigaept-edu-ejb/ejbModule/org/sigaept/edu/negocio/ejb
Class with no body;ManterProgramaEducacaoSuperiorEJB.java;/home/alessandro/workspace_siga/sigaept-edu-ejb/ejbModule/org/sigaept/edu/negocio/ejb
Class with no body;ManterRegimeJuridicoEJB.java;/home/alessandro/workspace_siga/sigaept-edu-ejb/ejbModule/org/sigaept/edu/negocio/ejb
Class with no body;ManterRegimeTrabalhoEJB.java;/home/alessandro/workspace_siga/sigaept-edu-ejb/ejbModule/org/sigaept/edu/negocio/ejb
Class with no body;ManterServidorPentahoEJB.java;/home/alessandro/workspace_siga/sigaept-edu-ejb/ejbModule/org/sigaept/edu/negocio/ejb
Class with no body;ManterSexoEJB.java;/home/alessandro/workspace_siga/sigaept-edu-ejb/ejbModule/org/sigaept/edu/negocio/ejb
Class with no body;ManterSistemaEnsinoEJB.java;/home/alessandro/workspace_siga/sigaept-edu-ejb/ejbModule/org/sigaept/edu/negocio/ejb
Class with no body;ManterSituacaoAvaliacaoProjetoExtensaoEJB.java;/home/alessandro/workspace_siga/sigaept-edu-ejb/ejbModule/org/sigaept/edu/negocio/ejb
Class with no body;ManterSituacaoCursoEJB.java;/home/alessandro/workspace_siga/sigaept-edu-ejb/ejbModule/org/sigaept/edu/negocio/ejb
Class with no body;ManterSituacaoFuncionamentoEJB.java;/home/alessandro/workspace_siga/sigaept-edu-ejb/ejbModule/org/sigaept/edu/negocio/ejb
Class with no body;ManterSituacaoVinculoEJB.java;/home/alessandro/workspace_siga/sigaept-edu-ejb/ejbModule/org/sigaept/edu/negocio/ejb
Class with no body;ManterTipoAtividadeComplementarEJB.java;/home/alessandro/workspace_siga/sigaept-edu-ejb/ejbModule/org/sigaept/edu/negocio/ejb
Class with no body;ManterTipoAtoAutorizativoEJB.java;/home/alessandro/workspace_siga/sigaept-edu-ejb/ejbModule/org/sigaept/edu/negocio/ejb
Class with no body;ManterTipoAvaliacaoEJB.java;/home/alessandro/workspace_siga/sigaept-edu-ejb/ejbModule/org/sigaept/edu/negocio/ejb
Class with no body;ManterTipoCargaHorariaParticipanteEJB.java;/home/alessandro/workspace_siga/sigaept-edu-ejb/ejbModule/org/sigaept/edu/negocio/ejb
Class with no body;ManterTipoDataAcademicaEJB.java;/home/alessandro/workspace_siga/sigaept-edu-ejb/ejbModule/org/sigaept/edu/negocio/ejb
Class with no body;ManterTipoDataEspecialEJB.java;/home/alessandro/workspace_siga/sigaept-edu-ejb/ejbModule/org/sigaept/edu/negocio/ejb
Class with no body;ManterTipoEixoTecnologicoEJB.java;/home/alessandro/workspace_siga/sigaept-edu-ejb/ejbModule/org/sigaept/edu/negocio/ejb
Class with no body;ManterTipoEquipamentoEJB.java;/home/alessandro/workspace_siga/sigaept-edu-ejb/ejbModule/org/sigaept/edu/negocio/ejb
Class with no body;ManterTipoEscolaOrigemEJB.java;/home/alessandro/workspace_siga/sigaept-edu-ejb/ejbModule/org/sigaept/edu/negocio/ejb
Class with no body;ManterTipoFeriadoEJB.java;/home/alessandro/workspace_siga/sigaept-edu-ejb/ejbModule/org/sigaept/edu/negocio/ejb
Class with no body;ManterTipoIngressoEJB.java;/home/alessandro/workspace_siga/sigaept-edu-ejb/ejbModule/org/sigaept/edu/negocio/ejb
Class with no body;ManterTipoLogradouroEJB.java;/home/alessandro/workspace_siga/sigaept-edu-ejb/ejbModule/org/sigaept/edu/negocio/ejb
Class with no body;ManterTipoPeriodoLetivoEJB.java;/home/alessandro/workspace_siga/sigaept-edu-ejb/ejbModule/org/sigaept/edu/negocio/ejb
Class with no body;ManterTipoRegistroLegalEJB.java;/home/alessandro/workspace_siga/sigaept-edu-ejb/ejbModule/org/sigaept/edu/negocio/ejb
Class with no body;ManterTipoSanguineoEJB.java;/home/alessandro/workspace_siga/sigaept-edu-ejb/ejbModule/org/sigaept/edu/negocio/ejb
Class with no body;ManterTipoTelefoneEJB.java;/home/alessandro/workspace_siga/sigaept-edu-ejb/ejbModule/org/sigaept/edu/negocio/ejb
Class with no body;ManterTipoUnidadeOrganizacionalEJB.java;/home/alessandro/workspace_siga/sigaept-edu-ejb/ejbModule/org/sigaept/edu/negocio/ejb
Class with no body;ManterTipoVinculoClasseEJB.java;/home/alessandro/workspace_siga/sigaept-edu-ejb/ejbModule/org/sigaept/edu/negocio/ejb
Class with no body;ManterUnidadeFederativaEJB.java;/home/alessandro/workspace_siga/sigaept-edu-ejb/ejbModule/org/sigaept/edu/negocio/ejb