Class;Complexity Value
org.sigaept.auth.web.permission.URLPermission;0.8999999999999999
org.sigaept.edu.negocio.ejb.ManterPeriodoLetivoEJB;0.42
org.sigaept.edu.negocio.fachada.IManterHorarioAulaEJB;0.0
org.sigaept.edu.dao.DocenciaGradeHorarioDAO;2.94
org.sigaept.edu.dominio.StatusAlunoClasse;1.0598999999999998
org.sigaept.edu.dominio.CertidaoNascimento;6.770600552999999
org.sigaept.edu.dominio.AreaIngresso;0.7818299999999999
org.sigaept.edu.dominio.ElementoCurricularAproveitado;39.1113815395481
org.sigaept.edu.dominio.PlanoEnsino;3.357
org.sigaept.edu.dao.TipoIngressoDAO;2.94
org.sigaept.edu.dominio.EstadoCivil;0.4599
org.sigaept.edu.dao.TipoRegistroLegalDAO;2.94
org.sigaept.auth.core.spi.SigaAuthLoginModule;2.82
org.sigaept.edu.dominio.ArquivoRelatorioFinalEstagio;36.46753224316367
org.sigaept.edu.dominio.ZonaProcedencia;0.4599
org.sigaept.auth.web.faces.component.ComPermissaoComponent;1.68
org.sigaept.edu.dominio.util.BoletimAluno;3.5999999999999996
org.sigaept.edu.dao.TipoStatusAlunoDAO;2.94
org.sigaept.edu.dominio.StatusTramiteRelatorioFinalEstagio;0.4599
org.sigaept.edu.dominio.Permissao;18.863185340099996
org.sigaept.edu.negocio.fachada.IManterClasseServidorEJB;0.0
org.sigaept.edu.dominio.AlternativaPerguntasProgramasAssistenciaEstudantil;7.704241655999997
org.sigaept.edu.negocio.fachada.IManterPerfilEJB;0.0
org.sigaept.edu.dominio.AtividadeComplementarMatricula;41.49111598349728
org.sigaept.edu.negocio.ejb.ManterEducacensoEJB;0.72
org.sigaept.edu.dominio.ConjuntoRegrasAcademicasMatricula;42.00411598349728
org.sigaept.edu.negocio.fachada.IManterPermissaoEJB;0.0
org.sigaept.edu.dao.ValidaTipoDocumentoDAO;2.94
org.sigaept.edu.negocio.ejb.ManterConjuntoRegrasAcademicasEJB;0.42
org.sigaept.nucleo.web.mb.GenericCrudPassoAPassoNovoMB;3.5999999999999996
org.sigaept.edu.dominio.ReservaAmbienteDeAprendizagem;18.882354402299992
org.sigaept.edu.dominio.RelatorioEstagio;52.660372606016004
org.sigaept.edu.dominio.TurmaAux;1.2
org.sigaept.edu.negocio.fachada.IManterTipoAvaliacaoEJB;0.0
org.sigaept.edu.dominio.util.Presenca;0.6
org.sigaept.edu.dominio.util.ListaAuxiliaRelatorioMapaDeNotas;1.5
org.sigaept.edu.dominio.config.ConfigMapeamentoTabela;0.6
org.sigaept.edu.dominio.Grupo;9.218681552999998
org.sigaept.edu.dao.TipoVinculoClasseDAO;2.94
org.sigaept.edu.dominio.TipoCertificadoMilitar;0.4599
org.sigaept.edu.dao.TipoTermoEstagioDAO;2.94
org.sigaept.edu.dao.DuracaoDAO;2.94
org.sigaept.edu.negocio.fachada.IManterEstruturaOrganizacionalEJB;0.0
org.sigaept.edu.dominio.TipoEscolaOrigem;1.0598999999999998
org.sigaept.edu.dao.MatrizCurricularPeriodoDAO;2.94
org.sigaept.edu.negocio.fachada.IManterOcorrenciaAlunoEJB;0.0
org.sigaept.edu.dao.MediaGeralTurmaDAO;2.94
org.sigaept.nucleo.annotation.manager.AnnotatedClass;0.0
org.sigaept.edu.negocio.ejb.ManterSituacaoAlunoCursoEJB;0.3
org.sigaept.edu.dao.SituacaoLegalDAO;2.94
org.sigaept.edu.dao.CursoOrigemDAO;2.94
org.sigaept.edu.dominio.GradeHorariaMatrizCurricularPK;0.6
org.sigaept.edu.negocio.fachada.IManterConjuntoRegrasAcademicasEJB;0.0
org.sigaept.edu.negocio.ejb.ManterTermoEstagioEJB;0.42
org.sigaept.edu.dominio.ContextoPermissaoAcessoPK;0.6
org.sigaept.edu.dominio.StatusHistoricoEnade;0.4599
org.sigaept.edu.dao.RelatorioComumDAO;2.94
org.sigaept.edu.negocio.fachada.IManterOrgaosExternosEJB;0.0
org.sigaept.auth.web.faces.tag.SemPermissaoTag;0.84
org.sigaept.edu.dominio.ContatoEletronico;0.3
org.sigaept.edu.dominio.Requisito;83.98616169607799
org.sigaept.edu.dominio.Docencia;52.62758242118458
org.sigaept.edu.dominio.VerificacaoCaso;0.7599
org.sigaept.edu.dominio.ParticipacaoProgramaAssisEstudantil;16.651687312199993
org.sigaept.edu.negocio.fachada.IManterUnidadeFederativaEJB;0.0
org.sigaept.edu.negocio.fachada.IManterSituacaoVinculoEJB;0.0
org.sigaept.edu.negocio.ejb.ManterProcedimentoTreinamentoEJB;0.42
org.sigaept.auth.web.callback.HttpCallbackHandler;0.8999999999999999
org.sigaept.edu.dominio.SituacaoProjetoPesquisaExtensao;0.4599
org.sigaept.edu.dao.TipoAcessoDAO;2.94
org.sigaept.edu.negocio.fachada.IManterTipoTelefoneEJB;0.0
org.sigaept.edu.dao.GradeHorariaDAO;2.94
org.sigaept.edu.dao.DiaSemanaDAO;2.94
org.sigaept.edu.dominio.EditalProcessoSeletivo;12.594505079999998
org.sigaept.edu.negocio.fachada.IManterNecessidadeEspecialEJB;0.0
org.sigaept.edu.negocio.fachada.IManterReservaEquipamentoEnsinoEJB;0.0
org.sigaept.edu.dao.ResultadoFinalConceitoDAO;2.94
org.sigaept.edu.dao.TipoEtapaDAO;2.94
org.sigaept.edu.negocio.ejb.ManterDataLimiteEtapaEJB;0.42
org.sigaept.edu.dao.AbrangenciaProjetoExtensaoDAO;2.94
org.sigaept.edu.negocio.fachada.IManterRegraAcademicaEJB;0.0
org.sigaept.edu.dao.ValidaDocumentoDAO;2.94
org.sigaept.nucleo.annotation.manager.AnnotatedMethodImpl;0.8999999999999999
org.sigaept.nucleo.ejb.GenericCrudEJB;0.6
org.sigaept.edu.dao.StatusAlunoPeriodoDAO;2.94
org.sigaept.edu.negocio.fachada.IManterCursoEJB;0.0
org.sigaepct.dominio.util.relatorio.RelatorioCincoColunaValor;3.0
org.sigaept.edu.negocio.fachada.IManterEducacensoEJB;0.0
org.sigaept.edu.dominio.DocenciaPK;0.6
org.sigaept.nucleo.util.validarformula.Null;0.0
org.sigaept.edu.dominio.Erros;2.1
org.sigaept.edu.dominio.TipoAbrangenciaRegra;43.36435453109999
org.sigaept.nucleo.dominio.GenericEntidadeId;0.51
org.sigaept.edu.dao.TipoParentescoDAO;2.94
org.sigaept.edu.dao.SituacaoVisitaTecnicaGerencialDAO;2.94
org.sigaept.edu.dominio.ModalidadeBolsaPesquisaExtensao;0.4599
org.sigaept.edu.dominio.TipoSanguineo;0.4599
org.sigaept.edu.dominio.AuditClasse;7.141718372678996
org.sigaept.edu.dominio.CalendarioAcademicoMatrizCurricular;31.316670123299996
org.sigaept.edu.dao.AuditDadosDAO;2.94
org.sigaept.edu.dao.EstagioDAO;2.94
org.sigaept.edu.negocio.ejb.ManterEstadoCivilEJB;0.42
org.sigaept.edu.negocio.ejb.ManterRegraAcademicaEJB;0.42
org.sigaept.edu.dominio.ProgramaEducacaoSuperior;0.4599
org.sigaept.edu.dominio.TermoConvenio;0.957
org.sigaept.edu.dominio.SituacaoAvaliacaoProjetoExtensao;0.4599
org.sigaept.edu.dao.TipoSanguineoDAO;2.94
org.sigaept.edu.dao.EditalProjetoPesquisaExtensaoDAO;2.94
org.sigaept.edu.dao.TipoCargaHorariaParticipanteDAO;2.94
org.sigaept.edu.negocio.fachada.IManterContaCorrentePagamentoEJB;0.0
org.sigaept.edu.dao.RegimeJuridicoDAO;2.94
org.sigaept.edu.dao.RegimeTrabalhoDAO;2.94
org.sigaept.edu.dominio.VisitaTecnicaGerencial;7.11627909
org.sigaept.edu.dominio.EquivalenciaPK;1.2
org.sigaept.edu.dominio.util.ConjuntoRegrasAuxiliar;11.014009983000001
org.sigaept.edu.negocio.fachada.IManterPapelParticipanteEJB;0.0
org.sigaept.edu.dao.ConceitoAvaliacaoDAO;2.94
org.sigaept.edu.negocio.fachada.IManterTipoRegistroLegalEJB;0.0
org.sigaept.edu.dominio.CicloMatricula;1.6599
org.sigaept.edu.negocio.ejb.ManterVerificacaoCasoEJB;0.42
org.sigaept.edu.negocio.ejb.ManterMatrizCurricularEJB;0.42
org.sigaept.edu.negocio.ejb.ManterPermissaoEJB;0.42
org.sigaept.edu.negocio.ejb.ManterAlunoEJB;0.42
org.sigaept.edu.negocio.ejb.AuditAcessoEJB;0.42
org.sigaept.edu.negocio.fachada.IManterTipoUnidadeOrganizacionalEJB;0.0
org.sigaept.edu.negocio.fachada.IManterSituacaoFuncionamentoEJB;0.0
org.sigaept.edu.dominio.ContextoPermissaoAcesso;12.452387252999998
org.sigaept.edu.dominio.MaterialApoioPasta;36.86446754201459
org.sigaept.edu.dominio.Resposta;0.7599
org.sigaepct.dominio.util.relatorio.RelatorioTresColunaTitulo;0.8999999999999999
org.sigaept.edu.dao.StatusTramitePreProjetoEstagioDAO;2.94
org.sigaept.edu.negocio.fachada.IManterPlanoEstudoEJB;0.0
org.sigaept.edu.dominio.HistoricoConselho;95.85573644023914
org.sigaept.edu.negocio.ejb.AbrirPeriodoLetivoPorTurmaEJB;0.3
org.sigaept.edu.dao.DocenteDAO;2.94
org.sigaept.edu.negocio.ejb.ManterGrupoEJB;0.42
org.sigaept.edu.negocio.fachada.IAuditTabelaEJB;0.0
org.sigaept.edu.dominio.ConvenioEstagio;24.798726960000003
org.sigaept.edu.negocio.ejb.ManterConvenioEJB;0.42
org.sigaept.edu.dominio.PCCMatricula;66.86142572133626
org.sigaept.edu.negocio.ejb.ManterPeriodicidadeIngressoEJB;0.42
org.sigaept.edu.dao.AvaliacaoDocenteDAO;2.94
org.sigaept.edu.negocio.fachada.IManterEstagioEJB;0.0
org.sigaept.edu.dominio.CalendarioAcademicoMatrizCurricularPK;0.6
org.sigaept.edu.dominio.TipoParticipacaoInstituicao;0.4599
org.sigaept.edu.dominio.Etnia;0.657
org.sigaept.edu.dominio.Localizacao;3.86570499
org.sigaept.edu.dao.TCCMatriculaDAO;2.94
org.sigaept.edu.dao.TipoAbrangenciaRegraDAO;2.94
org.sigaept.edu.negocio.fachada.IManterUsuarioEJB;0.0
org.sigaept.edu.negocio.fachada.IManterVerificacaoCasoEJB;0.0
org.sigaept.edu.dominio.IPessoaFisica;0.0
org.sigaept.edu.dao.TipoEscolaOrigemDAO;2.94
org.sigaept.auth.core.util.AutorizacaoUtil;0.0
org.sigaept.edu.dominio.SituacaoCalendarioAcademico;0.4599
org.sigaept.edu.negocio.fachada.IManterTipoLancamentoDadosHistoricoEJB;0.0
org.sigaept.edu.dominio.ElementoCurricular;16.514515683
org.sigaept.auth.web.faces.tag.PermTag;1.2
org.sigaept.edu.dominio.TipoRequisito;0.657
org.sigaept.edu.negocio.fachada.IManterSituacaoAlunoCursoEJB;0.0
org.sigaept.edu.dao.AmbienteAprendizagemDAO;2.94
org.sigaept.edu.dao.TelefoneDAO;2.94
org.sigaept.edu.negocio.ejb.MenuEJB;0.3
org.sigaept.edu.dao.ResponsavelDAO;2.94
org.sigaept.edu.dominio.ProjetoExtensao;24.417004079999998
org.sigaept.edu.dao.CategoriaAmbienteAprendizagemDAO;2.94
org.sigaept.edu.negocio.fachada.IManterLocalizacaoEJB;0.0
org.sigaept.edu.dominio.OrientadorTCCMatricula;54.77211255890538
org.sigaept.edu.dao.CriterioClassificacaoDAO;2.94
org.sigaept.edu.dominio.ConjuntoRegrasAcademicasMatriculaPK;0.6
org.sigaept.edu.dao.EstadoCivilDAO;2.94
org.sigaept.edu.dominio.UnidadeMedida;0.957
org.sigaept.edu.negocio.fachada.IManterConjuntoTemplateRelatorioEstagioEJB;0.0
org.sigaept.edu.negocio.ejb.ManterCalendarioAcademicoEJB;0.42
org.sigaept.edu.dao.CDUDAO;2.94
org.sigaept.edu.negocio.fachada.IManterPlanoEnsinoEJB;0.0
org.sigaept.edu.dominio.EtapaAvaliacaoConceito;3.7785056999999997
org.sigaept.edu.dominio.RegimeJuridico;0.4599
org.sigaept.edu.dominio.EstruturaEtapaAvaliacaoMatrizCurricular;26.116134944099997
org.sigaept.edu.dominio.CTPS;5.870600552999998
org.sigaept.edu.dominio.SupervisaoEstagio;31.151618449779
org.sigaept.edu.dao.EixoTecnologicoCursoTecnicoDAO;2.94
org.sigaept.edu.dominio.Fundamental;0.357
org.sigaept.edu.dao.CalendarioAcademicoDAO;2.94
org.sigaept.edu.dao.ReservaEquipamentoEnsinoDAO;2.94
org.sigaept.edu.negocio.fachada.IAuditAcessoEJB;0.0
org.sigaept.edu.dominio.Falta;174.74199080655941
org.sigaept.edu.dominio.ConjuntoRegrasAcademicas;1.9599
org.sigaept.edu.dao.StatusAlunoDAO;2.94
org.sigaept.edu.dominio.SupervisaoEstagioExperienciaProfissional;10.991533643969998
org.sigaept.edu.dominio.CategoriaProjetoExtensao;0.4599
org.sigaept.nucleo.dominio.GenericEntidadeIdNome;0.657
org.sigaept.edu.dominio.DocumentoIdentificacaoPJ;5.363121089999999
org.sigaept.edu.dao.TipoFeriadoDAO;2.94
org.sigaept.edu.negocio.ejb.ManterLancamentoDadosHistoricoEJB;0.42
org.sigaept.edu.negocio.fachada.IManterPoloEadEJB;0.0
org.sigaept.edu.dao.AuditColecaoDAO;2.94
org.sigaept.edu.negocio.fachada.IManterElementoCurricularEJB;0.0
org.sigaept.edu.dao.ReservaAmbienteDeAprendizagemDAO;2.94
org.sigaept.edu.dominio.StatusAlunoPeriodo;1.0598999999999998
org.sigaept.edu.dao.ServidorDAO;2.94
org.sigaept.edu.dao.BancoPagamentoDAO;2.94
org.sigaept.edu.dao.PerfilDAO;2.94
org.sigaept.edu.dao.TipoConvenioEstagioDAO;2.94
org.sigaept.edu.dominio.TipoStatusAluno;0.7599
org.sigaept.edu.dominio.RegraAcademica;4.011080999999999
org.sigaept.edu.dominio.Duracao;1.257
org.sigaept.edu.dao.ConjuntoRegrasAcademicasMatriculaDAO;2.94
org.sigaept.edu.dao.ClasseServidorDAO;5.298
org.sigaept.edu.negocio.fachada.IManterEstagioMatriculaEJB;0.0
org.sigaept.edu.dao.ReaberturaTurmaClasseDAO;2.94
org.sigaept.edu.dao.TipoAtividadeComplementarDAO;2.94
org.sigaept.auth.core.dao.StatusUsuarioDAO;2.94
org.sigaept.edu.dao.UnidadeFederativaDAO;2.94
org.sigaept.edu.dao.ElementoMatrizDAO;2.94
org.sigaept.auth.core.modelo.Menu;1.3598999999999999
org.sigaept.edu.dao.PeriodicidadeIngressoDAO;2.94
org.sigaept.edu.negocio.ejb.ManterProgramaAssistenciaEstudantilEJB;0.42
org.sigaept.auth.web.faces.lifecycle.FiltroAutorizacao;2.6939999999999995
org.sigaept.edu.dominio.Financiamento;21.081434855999998
org.sigaept.edu.dominio.GrupoCurricular;1.0598999999999998
org.sigaept.edu.negocio.ejb.ManterTipoEixoTecnologicoEJB;0.42
org.sigaept.edu.negocio.ejb.ManterTipoDataEspecialEJB;0.42
org.sigaept.edu.dominio.ProgramaAssistenciaEstudantil;9.863728079999996
org.sigaept.edu.dao.SubAreaConhecimentoCNPQDAO;2.94
org.sigaept.edu.dao.HistoricoMatriculaMatrizDAO;2.94
org.sigaept.edu.dominio.PoloEad;6.7906797
org.sigaept.edu.negocio.fachada.IManterRegimeTrabalhoEJB;0.0
org.sigaepct.dominio.util.relatorio.RelatorioUmaColunaValor;0.3
org.sigaept.edu.dominio.DescricaoRegra;1.6269
org.sigaept.edu.dominio.AreaProcedencia;0.7599
org.sigaept.nucleo.util.web.CNPJConverter;0.3
org.sigaept.edu.dominio.PerguntaAvaliacaoDocente;9.366053555999999
org.sigaept.edu.dominio.util.UnidadeMedidaEnum;0.3
org.sigaept.auth.core.service.PermissionService;5.01
org.sigaept.edu.dominio.ResultadoAvaliacaoConceito;87.29522953026851
org.sigaept.edu.dominio.Perfil;3.0368999999999997
org.sigaept.edu.negocio.fachada.IManterEixoTecnologicoEJB;0.0
org.sigaept.edu.dao.TipoEixoTecnologicoDAO;2.94
org.sigaept.edu.dao.AvaliarProjetoExtensaoDAO;2.94
org.sigaept.edu.dao.GradeHorarioHorarioAulaDAO;2.94
org.sigaept.edu.dao.TipoArquivoRelatorioFinalEstagioDAO;2.94
org.sigaept.edu.negocio.fachada.IManterPessoaFisicaEJB;0.0
org.sigaept.edu.dominio.MaterialApoio;26.865027279410214
org.sigaept.edu.negocio.fachada.IManterDataLimiteEtapaEJB;0.0
org.sigaept.edu.dominio.GradeHoraria;13.9039846881
org.sigaept.edu.dominio.util.ListaAuxiliarSelecao;1.5
org.sigaept.nucleo.dao.GenericDAO;4.2
org.sigaept.nucleo.exception.PersistenciaExceptionUtil;1.2
org.sigaept.edu.negocio.fachada.IManterAvaliacaoDocenteEJB;0.0
org.sigaept.nucleo.util.web.FacesUtil;0.0
org.sigaept.edu.negocio.ejb.ManterEditalProjetoPesquisaExtensaoEJB;0.42
org.sigaept.edu.dominio.EducacaoBasica;10.414009983000001
org.sigaept.edu.negocio.fachada.ICopiarTurmaEJB;0.0
org.sigaept.edu.negocio.fachada.IManterProgramaAssistenciaEstudantilEJB;0.0
org.sigaept.edu.dominio.TipoPergunta;0.7599
org.sigaept.edu.dominio.VisitaTecnicaGerencialDocente;11.810509916969998
org.sigaept.edu.dominio.FormaOferta;0.4599
org.sigaept.nucleo.util.ValidadorCampoUnico;0.0
org.sigaept.edu.negocio.ejb.ManterEixoTecnologicoCursoSuperiorEJB;0.42
org.sigaept.edu.dao.RespostaAvaliacaoDocenteDAO;2.94
org.sigaept.edu.dominio.GradeHorarioHorarioAula;11.63268928167
org.sigaept.edu.dao.SituacaoEquipamentoEnsinoDAO;2.94
org.sigaept.edu.dominio.UnidadeOrganizacional;4.8654357
org.sigaept.edu.dominio.Classe;51.14938220287799
org.sigaept.edu.dominio.InstituicaoOrigem;2.5180409999999998
org.sigaept.edu.dao.ServidorPentahoDAO;2.94
org.sigaept.edu.dominio.TipoRegistroLegal;0.4599
org.sigaept.edu.dominio.TipoIngresso;0.7599
org.sigaept.edu.dao.StatusAlunoClasseDAO;2.94
org.sigaept.edu.negocio.fachada.IManterDiaSemanaEJB;0.0
org.sigaept.edu.negocio.fachada.IManterTermoEstagioEJB;0.0
org.sigaept.edu.negocio.fachada.IManterEditalProjetoPesquisaExtensaoEJB;0.0
org.sigaept.edu.negocio.fachada.IManterTipoPeriodoLetivoEJB;0.0
org.sigaept.edu.dominio.ElementoOrganizacionalTelefone;5.705756699999999
org.sigaept.edu.dominio.PreProjetoEstagio;3.142251
org.sigaept.edu.dao.PortePessoaJuridicaDAO;2.94
org.sigaept.edu.dominio.EixoTecnologicoCursoTecnico;1.0598999999999998
org.sigaept.edu.dao.SistemaEnsinoDAO;2.94
org.sigaept.edu.negocio.ejb.ManterPerfilEJB;0.42
org.sigaept.auth.web.util.HttpAutorizacaoUtil;0.0
org.sigaept.edu.dominio.TipoEquipamento;0.4599
org.sigaept.edu.dominio.Infantil;0.357
org.sigaept.edu.dao.PCCMatriculaDAO;2.94
org.sigaept.edu.dominio.ReservaEquipamentoEnsino;12.975149570099996
org.sigaept.edu.dominio.PessoaTelefone;0.51
org.sigaept.edu.dao.TipoTelefoneDAO;2.94
org.sigaept.edu.dominio.OrgaoPublico;0.4599
org.sigaept.edu.dao.PreProjetoEstagioTramiteDAO;2.94
org.sigaept.edu.dominio.util.PlanoEnsinoImpressao;6.6
org.sigaept.edu.negocio.fachada.IAbrirPeriodoLetivoPorTurmaEJB;0.0
org.sigaept.edu.dominio.ElementoCurricularAproveitadoElementoCurricular;50.157602611783666
org.sigaept.edu.negocio.ejb.ManterProjetoExtensaoEJB;0.42
org.sigaept.edu.dominio.CronogramaPreprojetoEstagio;3.4565756999999997
org.sigaept.edu.dominio.CertificadoMilitar;6.192530552999997
org.sigaept.edu.dao.VisitaTecnicaGerencialDAO;2.94
org.sigaept.edu.negocio.fachada.IManterServidorEJB;0.0
org.sigaept.edu.dominio.Estagio;11.560160978099999
org.sigaepct.dominio.util.relatorio.RelatorioQuatroColunaTitulo;1.2
org.sigaept.edu.dao.EtniaDAO;2.94
org.sigaept.edu.negocio.fachada.IManterAplicacaoPerguntasAssistenciaEstudantilEJB;0.0
org.sigaept.edu.dominio.util.AlunoNota;1.7999999999999998
org.sigaept.nucleo.util.web.SimpleIndexConverter;0.3
org.sigaept.edu.dominio.ParticipanteEnade;51.34786526516728
org.sigaept.edu.dao.ClasseDAO;2.94
org.sigaept.edu.dominio.Municipio;0.99183
org.sigaept.edu.dao.CategoriaProjetoExtensaoDAO;2.94
org.sigaept.edu.dao.PlanoEstagioDAO;2.94
org.sigaept.edu.dominio.ClasseServidor;0.7599
org.sigaept.edu.negocio.fachada.IManterProjetoExtensaoEJB;0.0
org.sigaept.edu.dao.EixoTecnologicoCursoNaoCatalagoDAO;2.94
org.sigaept.edu.negocio.fachada.IManterRelatorioPentahoEJB;0.0
org.sigaept.edu.negocio.ejb.ManterSituacaoVinculoEJB;0.42
org.sigaept.edu.dominio.Responsavel;0.51
org.sigaept.edu.dao.ProcedimentoElementoCurricularDao;2.94
org.sigaept.edu.negocio.fachada.IManterParentescoEJB;0.0
org.sigaept.edu.dao.EstruturaEtapaAvaliacaoDAO;2.94
org.sigaept.edu.dao.AtoAutorizativoDAO;2.94
org.sigaept.edu.negocio.ejb.ManterPeriodoInscricaoProgramaAssisEstudantilEJB;0.42
org.sigaept.edu.dao.AreaConhecimentoDAO;2.94
org.sigaept.edu.dao.ProgramaAssistenciaEstudantilDAO;2.94
org.sigaept.edu.negocio.ejb.ManterAvaliacaoDocenteEJB;0.42
org.sigaept.edu.negocio.fachada.IManterOfertaVagaEJB;0.0
org.sigaept.edu.dominio.SituacaoVinculo;0.4599
org.sigaept.edu.dao.AbonoFaltaDAO;2.94
org.sigaept.edu.dao.SituacaoCursoDAO;2.94
org.sigaept.edu.dao.GrupoDAO;2.94
org.sigaept.edu.dominio.PerfilAcaoPK;0.6
org.sigaept.edu.dao.TipoEquipamentoDAO;2.94
org.sigaept.edu.dominio.TituloEleitoral;7.002530552999998
org.sigaept.edu.dominio.ItemDispendio;0.4599
org.sigaept.edu.dao.TipoDataEspecialDAO;2.94
org.sigaept.edu.dominio.InstituicaoExternaProjetoExtensao;20.667221945999998
org.sigaept.edu.negocio.fachada.IManterEstadoCivilEJB;0.0
org.sigaept.edu.dao.ConvenioEstagioDAO;2.94
org.sigaept.edu.dominio.TipoAbono;0.4599
org.sigaept.edu.dominio.AtividadePlanoEnsino;3.9068999999999994
org.sigaept.edu.dominio.ItensDispendioOrcamentoProjeto;24.464156683499994
org.sigaept.edu.dominio.PessoaJuridica;6.2944587
org.sigaept.edu.negocio.ejb.FecharPeriodoLetivoPorTurmaEJB;0.3
org.sigaept.edu.dao.ParticipanteEnadeDAO;2.94
org.sigaept.edu.dominio.ReaberturaTurma;33.966764108138996
org.sigaept.edu.negocio.ejb.ManterConselhoClasseEJB;0.42
org.sigaept.edu.dominio.InstituicaoParticipante;8.23816209
org.sigaept.edu.negocio.fachada.IManterVersaoEJB;0.0
org.sigaept.edu.dominio.OfertaVagaPK;0.8999999999999999
org.sigaept.edu.dominio.TipoFeriado;0.4599
org.sigaept.edu.dao.RelatorioEstagioDAO;2.94
org.sigaept.edu.dominio.FormulaCriterioClassificacao;2.1369
org.sigaept.edu.dao.ElementoCurricularDAO;2.94
org.sigaept.edu.dao.AreaIngressoDAO;2.94
org.sigaept.edu.dominio.CategoriaAmbienteAprendizagem;0.4599
org.sigaept.edu.dominio.Participacao;35.352416346000005
org.sigaept.edu.dominio.SituacaoCurso;0.4599
org.sigaept.edu.dao.CertificadoMilitarDAO;2.94
org.sigaept.edu.negocio.ejb.ManterServidorEJB;0.42
org.sigaept.edu.dominio.TrabalhoConclusao;11.560160978099999
org.sigaept.edu.dao.StatusAlunoCursoDAO;2.94
org.sigaept.edu.negocio.fachada.IManterTipoCargaHorariaParticipanteEJB;0.0
org.sigaept.edu.dominio.Instituicao;11.866754399999996
org.sigaept.edu.dominio.Programa;4.30086
org.sigaept.auth.core.modelo.Usuario;2.9688299999999996
org.sigaept.edu.dominio.ConceitoAvaliacao;3.7364756999999993
org.sigaept.edu.dominio.DataFixa;1.38183
org.sigaept.edu.dominio.util.FecharPeriodoPorTurma;5.1
org.sigaept.edu.dominio.FormaAvaliacao;0.9789299999999999
org.sigaept.edu.dominio.PerfilAcao;6.045629999999999
org.sigaept.edu.negocio.fachada.IManterMunicipioEJB;0.0
org.sigaept.edu.dominio.TermoEstagio;1.1538599999999999
org.sigaept.edu.negocio.fachada.IManterConvenioEstagioEJB;0.0
org.sigaept.edu.dao.ConjuntoTemplateRelatorioEstagioDAO;2.94
org.sigaept.edu.negocio.fachada.IManterInstituicaoExternaEJB;0.0
org.sigaept.edu.dao.RequisitoDAO;2.94
org.sigaept.edu.negocio.ejb.ManterCriterioClassificacaoEJB;0.42
org.sigaept.nucleo.util.web.CEPConverter;0.3
org.sigaept.edu.negocio.ejb.ManterTreinamentoEJB;0.42
org.sigaept.edu.dominio.TipoAcesso;4.016181
org.sigaept.edu.dao.TurmaDAO;2.94
org.sigaept.edu.negocio.ejb.ManterCategoriaProjetoExtensaoEJB;0.42
org.sigaept.edu.dominio.AtividadeEconomica;0.4599
org.sigaept.edu.negocio.ejb.ManterAprovadoProcessoSeletivoEJB;0.42
org.sigaept.edu.dao.SituacaoCalendarioAcademicoDAO;2.94
org.sigaept.edu.negocio.fachada.IFecharPeriodoLetivoClasseEJB;0.0
org.sigaept.edu.dominio.Menu;2.5599
org.sigaept.edu.dao.ConjuntoRegrasAcademicasMatrizDAO;2.94
org.sigaept.edu.dao.VersaoDAO;2.94
org.sigaept.edu.dao.SituacaoMatrizCurricularDAO;2.94
org.sigaept.edu.dominio.UnidadeOrganizacionalProjetoPesquisa;19.538554538999996
org.sigaept.edu.dominio.MediaGeralTurma;67.77276300453629
org.sigaept.edu.negocio.ejb.ManterInscricaoElementoCurricularEJB;0.42
org.sigaept.auth.core.policy.CompositePolicy;0.3
org.sigaept.edu.negocio.ejb.ManterTemplateRelatorioEstagioEJB;0.42
org.sigaept.edu.dao.TipoParticipacaoInstituicaoDAO;2.94
org.sigaept.edu.dominio.AuditAcesso;8.342117087099997
org.sigaept.edu.dominio.BolsaProjetoPesquisaExtensao;18.670832855999997
org.sigaept.edu.dominio.EtapaAvaliacao;4.6785057
org.sigaept.edu.dominio.CategoriaTreinamento;0.4599
org.sigaept.edu.dao.TipoOcorrenciaDAO;2.94
org.sigaept.edu.dominio.TipoEstagio;0.4599
org.sigaept.edu.negocio.fachada.IManterTipoParentescoEJB;0.0
org.sigaept.edu.dao.FaltaDAO;2.94
org.sigaept.edu.dominio.SituacaoVisitaTecnicaGerencial;0.4599
org.sigaept.auth.core.permission.DuracaoPermission;1.2
org.sigaept.nucleo.exception.ExceptionUtil;0.0
org.sigaept.edu.dominio.RegimeLetivo;0.7599
org.sigaept.edu.dominio.AprovadoProcessoSeletivo;9.503137489199998
org.sigaept.edu.dao.FormaOfertaDAO;2.94
org.sigaept.edu.negocio.fachada.IManterLancamentoDadosHistoricoEJB;0.0
org.sigaept.edu.dominio.util.SugestionBuscaClasse;2.4
org.sigaept.edu.dao.ModalidadeEnsinoDAO;2.94
org.sigaept.edu.negocio.ejb.ManterPCCMatriculaEJB;0.42
org.sigaept.edu.dominio.util.ConceitoEtapaAluno;99.58996768135914
org.sigaept.edu.dominio.ResultadoFinalConceito;59.829256167858304
org.sigaept.edu.negocio.fachada.IManterPerguntasProgramasAssistenciaEstudantilEJB;0.0
org.sigaept.edu.dao.AuditObjetoDAO;2.94
org.sigaept.edu.dao.ItemDispendioDAO;2.94
org.sigaept.edu.negocio.fachada.IManterNivelFuncionalServidorEJB;0.0
org.sigaept.edu.dominio.Mandato;15.2521407771
org.sigaept.auth.core.policy.DbPolicy;1.2
org.sigaept.edu.dao.TipoCertificadoMilitarDAO;2.94
org.sigaept.edu.dao.UnidadeEnsinoDAO;2.94
org.sigaept.edu.dao.ResultadoAvaliacaoConceitoDAO;2.94
org.sigaept.edu.negocio.fachada.IManterTipoFeriadoEJB;0.0
org.sigaept.edu.negocio.fachada.IManterVisitaTecnicaGerencialEJB;0.0
org.sigaept.edu.dao.PoloEadDAO;2.94
org.sigaept.edu.dominio.LotacaoServidorPK;0.6
org.sigaept.edu.negocio.ejb.CopiarTurmaEJB;0.3
org.sigaept.nucleo.annotation.manager.AnnotatedMethod;0.0
org.sigaept.edu.dominio.ParticipacaoConselhoClasse;28.831506991827293
org.sigaept.edu.dao.CalendarioAcademicoMatrizCurricularDAO;2.94
org.sigaept.edu.negocio.fachada.IManterInscricaoProgramasAssistenciaEstudantilEJB;0.0
org.sigaept.edu.negocio.ejb.ManterTipoLogradouroEJB;0.42
org.sigaept.edu.dao.FuncionarioDAO;2.94
org.sigaept.edu.negocio.fachada.IManterCDUEJB;0.0
org.sigaept.edu.dao.ModalidadeCursoDAO;2.94
org.sigaept.edu.dominio.TemplateRelatorioEstagioPK;0.6
org.sigaept.edu.dominio.RequisitoPK;1.2
org.sigaept.auth.core.modelo.Permissao;9.0004644
org.sigaept.edu.dominio.util.AlunoMatriculado;69.37383300453627
org.sigaept.edu.dao.DisciplinaDAO;2.94
org.sigaept.edu.dao.ElementoCurricularAproveitadoElementoCurricularDAO;2.94
org.sigaept.edu.dao.RegraAcademicaDAO;2.94
org.sigaept.edu.dao.EstruturaOrganizacionalDAO;2.94
org.sigaepct.dominio.util.relatorio.Relatorio4Colunas;1.44
org.sigaept.auth.core.service.EntityPermissionService;6.81
org.sigaept.edu.dao.AvaliacaoDAO;2.94
org.sigaept.edu.dominio.DespesaGeral;9.656630552999998
org.sigaept.edu.dominio.EixoTecnologicoCursoSuperior;1.0598999999999998
org.sigaept.auth.core.dao.UsuarioPerfilDAO;2.94
org.sigaept.edu.negocio.ejb.ManterRegimeMatriculaEJB;0.42
org.sigaept.edu.dao.MaterialApoioPastaDAO;2.94
org.sigaept.edu.negocio.fachada.IManterOrgaoExpedidorEJB;0.0
org.sigaept.edu.dao.CategoriaTreinamentoDAO;2.94
org.sigaept.nucleo.util.web.CPFConverter;0.3
org.sigaept.edu.negocio.ejb.RelatorioEJB;0.3
org.sigaept.edu.dominio.AuditColecao;0.957
org.sigaept.edu.dominio.CursoOrigem;0.4599
org.sigaept.edu.dominio.EventoExterno;14.523007169999998
org.sigaept.edu.dao.StatusUsuarioDAO;2.94
org.sigaept.edu.dominio.StatusAluno;1.257
org.sigaept.edu.dao.DataLimiteEtapaDAO;2.94
org.sigaept.auth.core.permission.EntityActionPermission;1.44
org.sigaept.edu.dao.ResultadoAvaliacaoDAO;2.94
org.sigaept.edu.dominio.AproveitamentoAceleracaoeDispensa;17.533778163
org.sigaept.edu.dao.AlunoTrabalhadorDAO;2.94
org.sigaept.edu.dominio.util.CalendarioAcademicoDescritivoAux;4.8
org.sigaept.edu.dominio.SituacaoEstagio;0.4599
org.sigaept.edu.dominio.SituacaoEquipamentoEnsino;0.4599
org.sigaept.edu.dao.AreaTematicaDAO;2.94
org.sigaept.edu.dao.MatriculaDAO;2.94
org.sigaept.edu.dominio.ParticipacaoEventoExterno;19.439035808999996
org.sigaept.edu.dominio.TipoTemplateRelatorioEstagio;0.7599
org.sigaept.edu.negocio.fachada.IManterFormaOfertaEJB;0.0
org.sigaept.edu.negocio.ejb.VincularAlunoAClasseEJB;0.3
org.sigaept.edu.dominio.Matricula;55.431694262138976
org.sigaept.edu.dominio.util.EtapaNotaAlunos;6.849907979999999
org.sigaept.edu.negocio.ejb.ManterAulaEJB;0.42
org.sigaept.edu.dao.TipoEstagioDAO;2.94
org.sigaept.edu.negocio.fachada.IManterTipoVinculoClasseEJB;0.0
org.sigaept.edu.dao.AlunoDAO;2.94
org.sigaept.edu.dao.ReaberturaTurmaDAO;2.94
org.sigaept.edu.dominio.TipoEstagioRegular;0.4599
org.sigaept.edu.dao.AprovadoProcessoSeletivoDAO;2.94
org.sigaept.edu.negocio.ejb.ManterRelatorioEstagioEJB;0.42
org.sigaept.edu.dominio.ValidaDocumento;2.17893
org.sigaept.edu.dominio.EstruturaOrganizacional;1.557
org.sigaept.edu.negocio.fachada.IManterAreaTematicaEJB;0.0
org.sigaept.edu.dominio.Medio;0.357
org.sigaept.edu.negocio.ejb.ManterHorarioAulaEJB;0.42
org.sigaept.edu.dominio.TecnicoAdministrativo;8.051454077099997
org.sigaept.nucleo.relatorio.RelatorioJasper;0.0
org.sigaepct.dominio.util.relatorio.Relatorio5Colunas;1.65
org.sigaept.edu.dao.EditalProcessoSeletivoDAO;2.94
org.sigaept.edu.dominio.util.ClasseAuxiliarGrade;0.7599
org.sigaept.edu.dominio.TipoArquivoRelatorioFinalEstagio;0.7818299999999999
org.sigaept.edu.negocio.fachada.IManterEtniaEJB;0.0
org.sigaept.edu.dao.EstagioMatriculaDAO;2.94
org.sigaept.edu.dominio.Profissao;1.0598999999999998
org.sigaept.edu.dominio.Aula;50.56643608598459
org.sigaept.edu.dominio.SubAreaConhecimentoCNPQ;0.7818299999999999
org.sigaept.edu.dao.PapelParticipanteDAO;2.94
org.sigaept.edu.dao.SituacaoVinculoDAO;2.94
org.sigaept.edu.dao.OrganizacaoAcademicaDAO;2.94
org.sigaept.edu.dominio.util.ClasseAuxiliarTurma;102.55897463412357
org.sigaept.edu.negocio.ejb.ManterClasseServidorEJB;0.42
org.sigaept.edu.dao.TipoPessoaJuridicaDAO;2.94
org.sigaept.edu.dominio.ContextoRegra;0.7599
org.sigaept.edu.dominio.AvaliacaoConceito;40.32845153201458
org.sigaept.edu.negocio.ejb.ManterMatriculaEJB;0.42
org.sigaept.edu.dominio.RespostaAvaliacaoDocente;76.90169100022831
org.sigaept.edu.dao.GrauFormacaoDAO;2.94
org.sigaept.edu.dominio.TipoAula;36.653505260189206
org.sigaept.edu.dao.ConvenioDAO;2.94
org.sigaept.edu.dao.FuncaoServidorDAO;2.94
org.sigaept.edu.negocio.fachada.IManterServidorPentahoEJB;0.0
org.sigaept.edu.dominio.AreaCNPQ;0.7599
org.sigaept.auth.web.taglib.PermissaoTag;2.1
org.sigaept.edu.dominio.AlunoTrabalhador;11.091881552999999
org.sigaept.edu.dao.CessaoDAO;2.94
org.sigaept.nucleo.util.validarformula.ValidarRetorno;1.5
org.sigaept.edu.dao.AplicacaoPerguntasAssistenciaEstudantilDAO;2.94
org.sigaept.edu.dao.PessoaExternaDAO;2.94
org.sigaept.edu.dao.TipoUnidadeOrganizacionalDAO;2.94
org.sigaept.edu.dao.TipoLancamentoDadosHistoricoDAO;2.94
org.sigaept.edu.dominio.TipoRegimeMatricula;0.4599
org.sigaept.edu.dominio.util.UtilNotas;1.2
org.sigaept.edu.dominio.util.HistoricoEscolar;84.42486915902902
org.sigaept.edu.dominio.RegimeTrabalho;0.7599
org.sigaept.edu.dominio.Convenio;5.06259
org.sigaept.edu.negocio.fachada.IManterDataFixaEJB;0.0
org.sigaept.nucleo.util.AnexoEmail;0.6
org.sigaept.edu.negocio.ejb.ManterGrauFormacaoEJB;0.42
org.sigaept.edu.negocio.fachada.IManterSituacaoAvaliacaoProjetoExtensaoEJB;0.0
org.sigaept.edu.dominio.ProjetoPesquisa;22.389785069999995
org.sigaept.edu.dominio.util.NotaEtapaAluno;119.77049652171662
org.sigaept.nucleo.web.mb.GenericCrudPassoAPassoMB;3.8999999999999995
org.sigaept.edu.dominio.TipoMembro;0.7599
org.sigaept.edu.dominio.ReaberturaClasse;42.79968462911459
org.sigaept.edu.dao.TipoSituacaoMatriculaDAO;2.94
org.sigaept.edu.dao.AulaDAO;2.94
org.sigaept.edu.negocio.fachada.IManterPedidoRenovacaoMatriculaEJB;0.0
org.sigaept.edu.dao.UnidadeOrganizacionalDAO;2.94
org.sigaept.edu.dominio.Telefone;1.78893
org.sigaept.nucleo.util.validarformula.ValidadorFormula;2.6999999999999997
org.sigaept.edu.dominio.HorarioAula;0.957
org.sigaept.edu.negocio.ejb.ManterRelatorioAlunoEJB;0.42
org.sigaept.edu.dominio.AreaTematica;0.4599
org.sigaept.edu.dominio.ContaCorrentePagamento;1.489251
org.sigaept.edu.negocio.ejb.ManterPerguntasProgramasAssistenciaEstudantilEJB;0.42
org.sigaept.edu.negocio.ejb.ManterDiarioClasseEJB;0.3
org.sigaept.edu.negocio.fachada.IManterAreaUnescoEJB;0.0
org.sigaept.edu.dominio.OrientadorTCCMatriculaPK;0.8999999999999999
org.sigaept.edu.dominio.TipoElementoCurricular;0.657
org.sigaept.edu.dominio.HorarioAulaClasse;37.70446754201459
org.sigaept.edu.dao.GrupoCurricularDAO;2.94
org.sigaept.edu.negocio.ejb.ManterParticipacaoEJB;0.42
org.sigaept.edu.dominio.PendenciaMatricula;40.381115983497274
org.sigaept.edu.dominio.DataLimiteEtapa;34.01862411329999
org.sigaept.edu.negocio.ejb.ManterOcorrenciaAlunoEJB;0.42
org.sigaept.edu.negocio.ejb.ManterClasseEJB;0.42
org.sigaept.edu.dao.TermoEstagioDAO;2.94
org.sigaept.edu.dominio.ProjetoPedagogicoCurso;11.371009983
org.sigaept.edu.dominio.GradeHorariaMatrizCurricular;23.749873969769997
org.sigaept.edu.dominio.Endereco;3.705141
org.sigaept.nucleo.ejb.IGenericCrud;0.0
org.sigaept.edu.negocio.fachada.IManterCategoriaProjetoExtensaoEJB;0.0
org.sigaept.edu.dominio.OrganizacaoAcademica;0.4599
org.sigaepct.dominio.util.relatorio.RelatorioDuasColunaTitulo;0.6
org.sigaept.edu.dao.NivelFuncionalServidorDAO;2.94
org.sigaept.edu.dominio.TipoRelatorioEstagio;0.4599
org.sigaept.edu.dao.EnturmacaoDAO;2.94
org.sigaept.edu.dominio.Funcionario;7.511000789999999
org.sigaept.edu.dominio.Registros;3.0
org.sigaept.edu.dominio.DocumentoIdentificacao;7.958000789999998
org.sigaept.edu.dominio.RegistrosComposto;0.6
org.sigaept.edu.dominio.ParticipacaoEventoExternoPK;0.8999999999999999
org.sigaept.edu.negocio.fachada.IManterConvenioEJB;0.0
org.sigaept.edu.dao.DocenciaDAO;2.94
org.sigaept.edu.negocio.fachada.IManterSistemaEnsinoEJB;0.0
org.sigaept.edu.dao.RelatorioFinalEstagioDAO;2.94
org.sigaept.edu.negocio.fachada.IManterPessoaExternaEJB;0.0
org.sigaept.edu.dominio.OfertaVaga;22.907665539
org.sigaept.auth.core.dao.UsuarioDAO;2.94
org.sigaept.edu.negocio.fachada.IManterPCCMatriculaEJB;0.0
org.sigaept.edu.dao.DataAcademicaDAO;2.94
org.sigaept.edu.dominio.AulaAntecipacaoReposicao;1.8299999999999998
org.sigaept.edu.dominio.FaltaPK;0.8999999999999999
org.sigaept.auth.web.faces.FacesAutorizacaoUtil;0.0
org.sigaept.edu.dao.ProcedimentoTreinamentoDAO;2.94
org.sigaepct.dominio.util.relatorio.RelatorioQuatroColunaValor;2.4
org.sigaept.edu.dao.InstituicaoDAO;2.94
org.sigaept.edu.dominio.PeriodoLetivo;13.413535079999999
org.sigaept.edu.negocio.fachada.IManterTipoLogradouroEJB;0.0
org.sigaept.edu.negocio.ejb.ManterGradeHorariaEJB;0.42
org.sigaept.edu.dominio.OrientadorPCCMatriculaPK;0.8999999999999999
org.sigaept.edu.dominio.EstruturaFisica;6.057
org.sigaept.edu.dao.EgressoDAO;2.94
org.sigaept.edu.dao.EtapaAvaliacaoConceitoDAO;2.94
org.sigaept.edu.negocio.fachada.IManterTipoEscolaOrigemEJB;0.0
org.sigaept.auth.web.util.HttpAutenticacaoUtil;0.42
org.sigaept.edu.negocio.ejb.ManterCancelamentoMatriculaCursoEJB;0.42
org.sigaept.edu.dominio.GrauFormacao;0.4599
org.sigaept.edu.negocio.ejb.ManterAmbienteAprendizagemEJB;0.42
org.sigaept.edu.dao.GradeHorariaMatrizCurricularDAO;2.94
org.sigaept.edu.negocio.fachada.IManterTurmaEJB;0.0
org.sigaept.edu.negocio.fachada.IManterPaisEJB;0.0
org.sigaept.auth.web.ConstantesHttp;1.2
org.sigaept.edu.negocio.ejb.ManterDataFixaEJB;0.42
org.sigaept.edu.dao.AuditStatusTransacaoDAO;2.94
org.sigaept.edu.dominio.HorarioAulaClassePK;0.6
org.sigaept.edu.dominio.AreaConhecimento;0.4599
org.sigaept.edu.dominio.InstituicaoExternaProjetoPesquisa;19.248168638999996
org.sigaept.edu.dominio.ResultadoEtapaAvaliacaoConceito;61.710267447858314
org.sigaept.auth.core.dao.PerfilDAO;2.94
org.sigaepct.dominio.util.relatorio.RelatorioUmaColunaTitulo;0.3
org.sigaept.edu.negocio.ejb.ManterTCCMatriculaEJB;0.42
org.sigaept.edu.negocio.ejb.ManterProgramaEJB;0.42
org.sigaepct.dominio.util.relatorio.RelatorioDuasColunaValor;1.2
org.sigaept.edu.negocio.ejb.ManterRegimeJuridicoEJB;0.42
org.sigaept.edu.dominio.PeriodicidadeIngresso;0.7599
org.sigaept.edu.dominio.ChamadaProcessoSeletivo;10.776053555999997
org.sigaept.edu.dao.EventoExternoDAO;2.94
org.sigaept.edu.negocio.fachada.IManterFonteFinanciamentoEJB;0.0
org.sigaept.edu.dominio.AuditStatusTransacao;0.4599
org.sigaept.edu.dominio.ModalidadeAprendizagem;0.4599
org.sigaept.edu.dominio.EducacaoSuperior;10.757869982999999
org.sigaept.edu.dominio.AbonoFalta;8.579930789999999
org.sigaept.edu.dominio.SistemaEnsino;0.4599
org.sigaept.edu.dominio.CriterioClassificacao;1.257
org.sigaept.edu.dominio.DataEspecial;20.041315435199998
org.sigaept.edu.negocio.fachada.IManterAreaConhecimentoEJB;0.0
org.sigaept.edu.dao.PedidoRenovacaoMatriculaDAO;2.94
org.sigaept.edu.dominio.PassaPorte;6.312530552999998
org.sigaept.edu.dominio.Disciplina;13.9601609781
org.sigaept.edu.dao.EixoTecnologicoCursoSuperiorDAO;2.94
org.sigaept.edu.dominio.TipoTelefone;0.7599
org.sigaept.edu.dominio.MatrizCurricularPeriodoPK;0.6
org.sigaept.edu.negocio.ejb.ManterEixoTecnologicoEJB;0.42
org.sigaept.edu.negocio.ejb.ManterSituacaoAvaliacaoProjetoExtensaoEJB;0.42
org.sigaept.auth.web.faces.renderer.PermRenderer;0.0
org.sigaept.edu.negocio.fachada.IManterPlanoEstagioEJB;0.0
org.sigaept.edu.dao.CancelamentoMatriculaClasseDAO;2.94
org.sigaept.edu.dao.StatusTramiteRelatorioFinalEstagioDAO;2.94
org.sigaept.edu.dominio.OcorrenciaAluno;10.346630552999997
org.sigaept.edu.dominio.InstituicaoExterna;4.4505987000000005
org.sigaept.edu.dao.PerfilAcaoDAO;2.94
org.sigaept.edu.dominio.SituacaoMatrizCurricular;0.7599
org.sigaept.edu.dominio.ModalidadeEnsino;1.664181
org.sigaept.edu.dao.TermoCompromissoDAO;2.94
org.sigaept.edu.negocio.fachada.IVincularAlunoAClasseEJB;0.0
org.sigaept.edu.negocio.ejb.ManterAtividadeComplementarMatriculaEJB;0.42
org.sigaept.edu.negocio.fachada.IManterEixoTecnologicoCursoTecnicoEJB;0.0
org.sigaept.auth.core.permission.CDUPermission;0.3
org.sigaept.edu.negocio.fachada.IAuditDadosEJB;0.0
org.sigaept.edu.dominio.UnidadeOrganizacionalProjetoExtensao;20.957607846
org.sigaept.edu.dao.TipoPendenciaMatriculaDAO;2.94
org.sigaept.edu.dao.ContextoPermissaoAcessoDAO;2.94
org.sigaept.edu.dominio.TipoEditalProjetoPesquisaExtensao;0.8999999999999999
org.sigaept.edu.negocio.fachada.IManterPeriodoAcompanhamentoEJB;0.0
org.sigaept.edu.dominio.ComiteAvaliacao;1.629111
org.sigaept.edu.negocio.fachada.IManterAmbienteAprendizagemEJB;0.0
org.sigaept.edu.negocio.fachada.IAuditSessaoEJB;0.0
org.sigaept.edu.dao.TipoEventoProjetoPesquisaExtensaoDAO;2.94
org.sigaept.edu.dominio.UnidadeEnsino;15.6208644
org.sigaept.edu.dao.MunicipioDAO;2.94
org.sigaept.edu.dominio.StatusUsuario;0.7599
org.sigaept.edu.dominio.InscricaoEstadual;3.754184762999999
org.sigaept.auth.core.modelo.Duracao;1.257
org.sigaept.auth.web.faces.component.SemPermissaoComponent;1.68
org.sigaept.edu.dao.CertidaoNascimentoDAO;2.94
org.sigaept.edu.negocio.fachada.IManterRegimeJuridicoEJB;0.0
org.sigaept.edu.dominio.ParentescoPK;0.6
org.sigaept.edu.negocio.fachada.IManterRelatorioAcompanhamentoEJB;0.0
org.sigaept.edu.dao.NecessidadeEspecialDAO;2.94
org.sigaept.auth.core.util.CriptografiaUtil;0.6
org.sigaept.edu.dao.EmailDAO;2.94
org.sigaepct.dominio.util.relatorio.RelatorioCabecalhoTituloValor;0.6
org.sigaept.nucleo.util.web.CEIConverter;0.3
org.sigaept.edu.negocio.ejb.ManterRelatorioFinalEstagioEJB;0.42
org.sigaept.edu.dominio.AtoAutorizativo;1.87893
org.sigaept.edu.dao.FonteFinanciamentoDAO;2.94
org.sigaept.edu.dao.ReaberturaClasseDAO;2.94
org.sigaept.edu.dominio.Equivalencia;49.744491332399996
org.sigaept.edu.dao.TipoPeriodoMatrizCurricularDAO;2.94
org.sigaept.edu.negocio.ejb.ManterConfiguracaoGeralEJB;0.42
org.sigaept.edu.dao.OcorrenciaAlunoDAO;2.94
org.sigaept.edu.dao.ModalidadeAprendizagemDAO;2.94
org.sigaept.edu.dominio.Usuario;9.969830789999998
org.sigaept.edu.dao.CategoriaConvenioDAO;2.94
org.sigaept.edu.negocio.fachada.IManterTipoIngressoEJB;0.0
org.sigaept.edu.dominio.ConfiguracaoGeral;2.457
org.sigaepct.dominio.util.relatorio.Relatorio2Colunas;1.02
org.sigaept.edu.dominio.PermissaoPK;0.8999999999999999
org.sigaept.edu.negocio.ejb.ManterReservaAmbienteDeAprendizagemEJB;0.42
org.sigaept.edu.dao.TipoPeriodoLetivoDAO;2.94
org.sigaept.edu.dao.CPFDAO;2.94
org.sigaept.edu.dao.RegimeMatriculaDAO;2.94
org.sigaept.edu.dominio.FonteFinanciamento;0.4599
org.sigaept.edu.dao.RegimeLetivoDAO;2.94
org.sigaept.edu.negocio.ejb.ManterRelatorioAcompanhamentoEJB;0.42
org.sigaept.edu.dominio.util.DiarioNotas;30.50091607241021
org.sigaept.edu.dominio.TipoTermoEstagio;0.4599
org.sigaept.edu.dominio.Cargo;0.4599
org.sigaept.edu.dominio.Sequencial;0.88893
org.sigaept.edu.dominio.AditivoEstagio;49.115250775948105
org.sigaept.edu.negocio.fachada.IManterTipoOcorrenciaEJB;0.0
org.sigaept.nucleo.util.validarformula.Arredondar;0.0
org.sigaept.edu.dao.CategoriaProgramaDAO;2.94
org.sigaept.edu.negocio.fachada.IManterCancelamentoMatriculaCursoEJB;0.0
org.sigaept.edu.dao.InstituicaoExternaDAO;2.94
org.sigaept.edu.dominio.CessaoPK;0.8999999999999999
org.sigaept.edu.negocio.fachada.IManterClasseEJB;0.0
org.sigaept.edu.negocio.fachada.IManterAgenciaPagamentoEJB;0.0
org.sigaept.edu.dao.AtividadeComplementarDAO;2.94
org.sigaept.edu.dominio.NecessidadeEspecial;0.4599
org.sigaept.edu.dominio.Pergunta;0.99183
org.sigaept.edu.dao.AuditSessaoDAO;2.94
org.sigaept.edu.dominio.ProcedimentoTreinamento;1.98183
org.sigaept.edu.dominio.TipoParticipanteEnade;0.4599
org.sigaept.edu.dao.EducacensoDAO;3.2399999999999998
org.sigaept.edu.dao.ParticipacaoProgramaAssisEstudantilDAO;2.94
org.sigaept.edu.dominio.TipoConvenioEstagio;0.4599
org.sigaept.edu.dominio.CalendarioAcademico;25.570836336
org.sigaept.edu.dominio.AreaUnesco;0.4599
org.sigaept.edu.dominio.PlanoEstagio;39.617269558815295
org.sigaept.edu.dominio.PlanoEstudo;63.68270939868708
org.sigaept.edu.dominio.Pais;1.0598999999999998
org.sigaept.edu.negocio.fachada.IManterTipoAtoAutorizativoEJB;0.0
org.sigaept.nucleo.util.web.HoraConverter;0.3
org.sigaept.edu.dominio.ReaberturaClassePK;0.6
org.sigaept.edu.dominio.ReaberturaTurmaClasse;8.235881552999997
org.sigaept.edu.dao.CursoDAO;2.94
org.sigaept.edu.negocio.ejb.ReaberturaTurmaClasseEJB;0.42
org.sigaept.edu.dominio.CategoriaProjetoExtensaoLeaf;0.32192999999999994
org.sigaept.auth.core.principal.BasePrincipal;0.8999999999999999
org.sigaept.edu.dominio.OrientadorPCCMatricula;54.56211255890537
org.sigaept.edu.negocio.fachada.IManterBancoPagamentoEJB;0.0
org.sigaept.edu.dao.ConfiguracaoGeralDAO;2.94
org.sigaept.edu.dao.TecnicoAdministrativoDAO;2.94
org.sigaept.edu.dominio.RelatorioFinalEstagioTramite;0.9789299999999999
org.sigaept.edu.dominio.PerguntasProgramasAssistenciaEstudantil;9.920488079999997
org.sigaept.edu.dominio.AuditSessao;8.835881552999997
org.sigaept.edu.dao.OrgaoExpedidorDAO;2.94
org.sigaept.edu.dao.VerificacaoCasoLogDAO;2.94
org.sigaept.edu.dao.EstruturaEtapaAvaliacaoMatrizCurricularDAO;2.94
org.sigaept.edu.dao.ParticipacaoDAO;2.94
org.sigaept.edu.dominio.AuditTipoOperacao;0.4599
org.sigaept.nucleo.util.validarformula.ArredondarCima;0.0
org.sigaept.edu.dominio.EstagioMatricula;68.79750110849729
org.sigaept.edu.dao.ProgramaDAO;2.94
org.sigaept.edu.dominio.ModalidadeCurso;0.4599
org.sigaept.edu.dominio.AtividadeComplementar;11.560160978099999
org.sigaept.edu.dao.CicloMatriculaDAO;2.94
org.sigaept.edu.dominio.TipoPessoaJuridica;0.4599
org.sigaept.edu.dominio.util.VisualizaCadastro;0.6
org.sigaept.edu.dao.StatusHistoricoEnadeDAO;2.94
org.sigaept.edu.dao.RelatorioPentahoDAO;2.94
org.sigaept.edu.negocio.ejb.ManterReservaEquipamentoEnsinoEJB;0.42
org.sigaept.edu.dao.ModalidadeBolsaPesquisaExtensaoDAO;2.94
org.sigaept.edu.dao.EtapaAvaliacaoDAO;2.94
org.sigaept.nucleo.util.StringUtils;0.0
org.sigaept.edu.dominio.TipoParentesco;1.0818299999999998
org.sigaept.edu.dominio.util.DiarioClassePesquisa;2.6999999999999997
org.sigaept.edu.negocio.fachada.IManterEixoTecnologicoCursoNaoCatalagoEJB;0.0
org.sigaept.edu.dominio.TipoOcorrencia;0.4599
org.sigaept.edu.negocio.fachada.IManterRelatorioEstagioEJB;0.0
org.sigaept.edu.dominio.TermoAditivo;4.800813
org.sigaept.edu.dominio.MatrizCurricularPeriodo;14.017084688099997
org.sigaept.edu.dominio.CategoriaPrograma;0.4599
org.sigaept.edu.dominio.RegistroAula;0.657
org.sigaept.edu.dominio.Turma;38.530924315769994
org.sigaept.edu.dominio.CDU;4.6518299999999995
org.sigaept.edu.dominio.Egresso;0.957
org.sigaept.edu.dao.PlanoEstudoDAO;2.94
org.sigaept.edu.negocio.ejb.ManterConjuntoTemplateRelatorioEstagioEJB;0.42
org.sigaept.edu.dao.StatusEnadeDAO;2.94
org.sigaept.edu.dao.AreaEstagioDAO;2.94
org.sigaept.edu.dao.TCCDAO;2.94
org.sigaept.auth.core.modelo.Acao;2.157
org.sigaept.edu.negocio.ejb.ImprimirDiarioDeClasseEJB;0.3
org.sigaepct.dominio.util.relatorio.RelatorioTresColunaValor;1.7999999999999998
org.sigaept.edu.dao.AvaliacaoConceitoDAO;2.94
org.sigaept.edu.negocio.ejb.ManterAvaliarProjetoExtensaoEJB;0.42
org.sigaept.edu.dominio.util.PessoaSimplificado;7.211000789999999
org.sigaept.edu.dao.OrgaoPublicoDAO;2.94
org.sigaept.edu.dominio.EtapaEnsino;1.29183
org.sigaept.nucleo.util.validarformula.ArredondarBaixo;0.0
org.sigaept.edu.dominio.PedidoRenovacaoMatricula;50.64866053949728
org.sigaept.nucleo.util.validarformula.ArredondamentoMultiplo;0.0
org.sigaept.edu.dao.ZonaProcedenciaDAO;2.94
org.sigaept.auth.web.taglib.ComPermissaoTag;1.77
org.sigaept.edu.dao.ParentescoDAO;2.94
org.sigaept.edu.dominio.OrcamentoProjetoPesquisaExtensao;33.121752404999995
org.sigaept.edu.dominio.StatusEnade;0.4599
org.sigaept.edu.dominio.TipoPendenciaMatricula;0.4599
org.sigaept.edu.dominio.TipoAtividadeComplementar;0.7599
org.sigaept.edu.dao.TipoAtoAutorizativoDAO;2.94
org.sigaept.edu.dao.PessoaFisicaDAO;2.94
org.sigaept.edu.dominio.GradeHorarioHorarioAulaPK;0.6
org.sigaept.edu.dominio.AreaEstagio;0.4599
org.sigaepct.dominio.util.relatorio.RelatorioSeisColunaTitulo;1.7999999999999998
org.sigaept.edu.negocio.ejb.ManterSexoEJB;0.42
org.sigaept.edu.dao.PeriodoLetivoDAO;2.94
org.sigaept.edu.negocio.fachada.IManterTipoEditalProjetoPesquisaExtensaoEJB;0.0
org.sigaept.edu.dao.DescricaoRegraDAO;2.94
org.sigaept.edu.dominio.CEI;3.754184762999999
org.sigaept.edu.dao.AnoConclusaoInstituicaoOrigemDAO;2.94
org.sigaept.edu.negocio.fachada.IManterAreaIngressoEJB;0.0
org.sigaept.edu.dao.EixoTecnologicoDAO;2.94
org.sigaept.auth.web.ConfiguracaoFiltroAutorizacao;5.1
org.sigaept.edu.negocio.fachada.IManterCategoriaAmbienteAprendizagemEJB;0.0
org.sigaept.edu.negocio.fachada.IManterCategoriaProgramaEJB;0.0
org.sigaept.edu.negocio.fachada.IManterEnadeEJB;0.0
org.sigaept.edu.negocio.fachada.IManterAbonoFaltaEJB;0.0
org.sigaept.edu.dominio.PosGraduacao;0.357
org.sigaept.edu.negocio.fachada.IManterModalidadeCursoEJB;0.0
org.sigaept.edu.negocio.fachada.IManterDescricaoCriterioClassificacaoEJB;0.0
org.sigaept.edu.dominio.TipoPeriodoLetivo;0.4599
org.sigaept.edu.dominio.ServidorPentaho;0.957
org.sigaept.edu.negocio.ejb.ManterStatusAlunoEJB;0.42
org.sigaept.edu.dao.OfertaVagaDAO;2.94
org.sigaept.edu.dominio.RelatorioUnico;0.957
org.sigaept.edu.dao.PeriodoAvaliacaoDocenteDAO;2.94
org.sigaept.edu.dominio.AvaliarProjetoExtensao;28.394695255439995
org.sigaept.edu.dominio.EixoTecnologicoCursoNaoCatalago;0.4599
org.sigaept.edu.dao.AproveitamentoAceleracaoeDispensaDAO;2.94
org.sigaept.edu.dominio.TipoLancamentoDadosHistorico;0.4599
org.sigaept.edu.dominio.TipoEventoProjetoPesquisaExtensao;13.291231999200003
org.sigaept.edu.negocio.fachada.IManterReservaAmbienteDeAprendizagemEJB;0.0
org.sigaept.edu.dao.TipoParticipanteDAO;2.94
org.sigaept.edu.dominio.util.DadosAuditoria;1.7999999999999998
org.sigaept.edu.dominio.TipoDataAcademica;0.4599
org.sigaept.edu.dominio.TipoEixoTecnologico;0.4599
org.sigaept.edu.negocio.ejb.ManterLocalizacaoEJB;0.42
org.sigaept.auth.core.permission.CDUActionPermission;1.14
org.sigaept.edu.dominio.util.ClasseHorario;1.5
org.sigaept.edu.dominio.TipoDespesa;0.7599
org.sigaept.edu.negocio.fachada.IManterPeriodoLetivoEJB;0.0
org.sigaept.edu.dominio.DescricaoCriterioClassificacao;0.7599
org.sigaept.edu.negocio.ejb.ManterAproveitamentoAceleracaoeDispensaEJB;0.42
org.sigaept.edu.dominio.AlunoTrabalhadorPK;0.6
org.sigaept.edu.dao.TreinamentoDAO;2.94
org.sigaepct.dominio.util.relatorio.Relatorio3Colunas;1.23
org.sigaept.edu.negocio.fachada.IManterIngressoEJB;0.0
org.sigaept.auth.core.dao.AcaoDAO;2.94
org.sigaept.edu.dao.AuditAcessoDAO;2.94
org.sigaept.edu.dominio.Turno;0.7599
org.sigaept.edu.dominio.SituacaoParticipacaoProgramaAssisEstudantil;0.7599
org.sigaept.edu.negocio.fachada.IEfetuarLoginEJB;0.0
org.sigaept.edu.dominio.util.MesCalendarioAcademico;0.8999999999999999
org.sigaept.edu.dominio.EstruturaEtapaAvaliacao;3.142251
org.sigaept.edu.negocio.fachada.IManterCargoEJB;0.0
org.sigaept.edu.dao.RGDAO;2.94
org.sigaept.edu.dominio.AulaAntecipacaoReposicaoPK;0.6
org.sigaept.edu.dao.VinculoDAO;2.94
org.sigaept.edu.negocio.ejb.ManterNivelFuncionalServidorEJB;0.42
org.sigaept.edu.dominio.PlanoEstudoClasse;81.19246412109554
org.sigaept.edu.dao.EquipamentoEnsinoDAO;2.94
org.sigaept.edu.negocio.ejb.ManterContextoPermissaoAcessoEJB;0.42
org.sigaept.edu.negocio.ejb.ManterPlanoEstagioEJB;0.42
org.sigaept.edu.dominio.OrgaoExpedidor;0.7599
org.sigaept.edu.dominio.CriterioClassificacaoPK;0.6
org.sigaept.edu.dominio.CNH;6.170600552999998
org.sigaept.edu.dao.UsuarioDAO;2.94
org.sigaept.edu.negocio.fachada.IManterEventoExternoEJB;0.0
org.sigaept.edu.dao.TipoAulaDAO;2.94
org.sigaept.auth.web.faces.tag.ComPermissaoTag;0.84
org.sigaept.edu.dominio.ElementoMatriz;24.244050259769995
org.sigaept.edu.negocio.fachada.IManterProgramaEJB;0.0
org.sigaept.edu.dominio.Vinculo;11.502077252999998
org.sigaept.edu.dao.TemplateRelatorioEstagioDAO;2.94
org.sigaept.auth.core.exception.SigaAuthException;0.3
org.sigaept.edu.dominio.CPF;5.5706005529999985
org.sigaept.edu.dominio.FuncaoServidor;0.7599
org.sigaept.edu.negocio.ejb.ManterCDUEJB;0.42
org.sigaept.edu.negocio.fachada.IManterRelatorioFinalEstagioEJB;0.0
org.sigaept.edu.negocio.fachada.IMenuEJB;0.0
org.sigaept.edu.dominio.Enturmacao;80.13254352551188
org.sigaept.edu.negocio.fachada.IAuditObjetoEJB;0.0
org.sigaept.edu.dao.TituloEleitoralDAO;2.94
org.sigaept.edu.dominio.util.DiarioConceitoList;4.2
org.sigaept.edu.negocio.ejb.ManterTipoParentescoEJB;0.42
org.sigaept.auth.core.util.PermissionUtil;1.7999999999999998
org.sigaept.edu.dominio.TipoUnidadeOrganizacional;0.4599
org.sigaept.edu.dao.AtividadeEconomicaDAO;2.94
org.sigaept.nucleo.annotation.manager.AnnotationManager;0.3
org.sigaept.nucleo.dao.CampoUnicoCache;0.8999999999999999
org.sigaept.edu.negocio.fachada.IAuditTipoOperacaoEJB;0.0
org.sigaept.edu.negocio.ejb.ManterVersaoEJB;0.42
org.sigaept.edu.dominio.NivelEnsino;0.7599
org.sigaept.edu.dao.ElementoCurricularAproveitadoDAO;2.94
org.sigaept.edu.dao.ResultadoEtapaAvaliacaoConceitoDAO;2.94
org.sigaept.edu.negocio.ejb.ManterUnidadeFederativaEJB;0.42
org.sigaept.edu.dao.FinanciamentoDAO;2.94
org.sigaept.edu.negocio.fachada.IManterTipoAtividadeComplementarEJB;0.0
org.sigaept.edu.dominio.DiaSemana;0.657
org.sigaept.edu.negocio.ejb.ManterPedidoRenovacaoMatriculaEJB;0.42
org.sigaept.edu.dao.AreaProcedenciaDAO;2.94
org.sigaept.edu.dominio.CNPJ;3.754184762999999
org.sigaept.nucleo.web.mb.GenericMB;0.0
org.sigaept.edu.dao.CargoDAO;2.94
org.sigaept.edu.dao.MandatoDAO;2.94
org.sigaept.edu.negocio.fachada.IManterValidaDocumentoEJB;0.0
org.sigaept.auth.core.dao.MenuDAO;2.94
org.sigaept.edu.negocio.fachada.IManterTCCMatriculaEJB;0.0
org.sigaept.edu.dao.AtividadeComplementarMatriculaDAO;2.94
org.sigaept.edu.dominio.TipoParticipante;0.4599
org.sigaept.edu.negocio.ejb.ManterPeriodoAcompanhamentoEJB;0.42
org.sigaept.edu.negocio.fachada.IAuditStatusTransacaoEJB;0.0
org.sigaept.edu.dao.PeriodoMatrizCurricularDAO;2.94
org.sigaept.edu.dao.ElementoOrganizacionalTelefoneDAO;2.94
org.sigaept.edu.dominio.TipoPeriodoMatrizCurricular;0.4599
org.sigaept.auth.web.faces.component.UIPermComponent;2.4
org.sigaept.edu.dominio.PreProjetoEstagioTramite;0.9789299999999999
org.sigaept.edu.negocio.ejb.ManterEtniaEJB;0.42
org.sigaept.edu.dao.PeriodoInscricaoProgramaAssisEstudantilDAO;2.94
org.sigaept.edu.dao.AlternativaPerguntasProgramasAssistenciaEstudantilDAO;2.94
org.sigaept.edu.dominio.VisitaTecnicaGerencialTurma;32.763042384039
org.sigaept.edu.negocio.fachada.IManterProfissaoEJB;0.0
org.sigaept.edu.negocio.ejb.ManterTipoSanguineoEJB;0.42
org.sigaept.auth.core.modelo.TipoAcesso;3.0081809999999995
org.sigaept.edu.dominio.TipoOcorrenciaComposite;0.6219299999999999
org.sigaept.auth.core.modelo.Perfil;3.0368999999999997
org.sigaept.nucleo.util.CriptografiaUtil;0.6
org.sigaept.edu.dominio.MatrizCurricular;17.410120983
org.sigaept.edu.negocio.ejb.ManterEnadeEJB;0.42
org.sigaept.edu.negocio.fachada.IManterEquipamentoEnsinoEJB;0.0
org.sigaept.auth.core.modelo.StatusUsuario;0.7599
org.sigaept.edu.dominio.BancoPagamento;0.7599
org.sigaept.edu.negocio.ejb.FecharPeriodoLetivoClasseEJB;0.3
org.sigaept.edu.negocio.ejb.ManterAbonoFaltaEJB;0.42
org.sigaept.edu.negocio.fachada.IManterSituacaoCursoEJB;0.0
org.sigaept.edu.dominio.Ingresso;2.02086
org.sigaept.edu.dao.ConselhoClasseDAO;2.94
org.sigaept.edu.dominio.PessoaExterna;10.62641988
org.sigaept.edu.dao.TipoRelatorioEstagioDAO;2.94
org.sigaept.edu.negocio.fachada.IManterInscricaoElementoCurricularEJB;0.0
org.sigaept.edu.negocio.fachada.IReaberturaTurmaClasseEJB;0.0
org.sigaept.edu.negocio.fachada.IManterPeriodoInscricaoProgramaAssisEstudantilEJB;0.0
org.sigaept.edu.dominio.PortePessoaJuridica;0.4599
org.sigaept.auth.core.modelo.PermissaoPK;0.8999999999999999
org.sigaept.edu.dao.SexoDAO;2.94
org.sigaept.edu.dominio.TipoRelatorioComum;0.4599
org.sigaept.edu.dominio.PeriodoInscricaoProgramaAssisEstudantil;9.661609655999996
org.sigaept.edu.dominio.ElementoCurricularAproveitadoElementoCurricularPK;0.6
org.sigaept.auth.core.service.PrincipalService;5.909999999999999
org.sigaept.edu.negocio.fachada.IManterTreinamentoEJB;0.0
org.sigaept.edu.negocio.fachada.IManterTipoEixoTecnologicoEJB;0.0
org.sigaept.edu.dominio.SituacaoLegal;0.4599
org.sigaept.edu.negocio.fachada.IManterDiarioClasseEJB;0.0
org.sigaept.edu.dao.PerguntasProgramasAssistenciaEstudantilDAO;2.94
org.sigaept.edu.negocio.fachada.IManterElementoOrganizacionalEJB;0.0
org.sigaept.nucleo.exception.NegocioException;0.6
org.sigaept.auth.web.FiltroAutorizacao;3.4199999999999995
org.sigaept.edu.dominio.AnoConclusaoInstituicaoOrigemPK;0.6
org.sigaept.edu.dominio.EquipamentoEnsino;4.809564989999999
org.sigaept.edu.dao.InstituicaoOrigemDAO;2.94
org.sigaept.auth.core.util.AutenticacaoUtil;0.6
org.sigaept.edu.negocio.fachada.IFecharPeriodoLetivoPorTurmaEJB;0.0
org.sigaept.edu.negocio.ejb.ManterSupervisaoEstagioEJB;0.42
org.sigaept.edu.dominio.ConjuntoRegrasAcademicasMatrizPK;0.8999999999999999
org.sigaept.edu.dominio.AuditDados;7.418411960969996
org.sigaept.edu.negocio.fachada.IManterConfiguracaoGeralEJB;0.0
org.sigaept.edu.dominio.Educacenso;0.4599
org.sigaept.edu.dominio.ConselhoClasse;27.928647021038994
org.sigaept.edu.negocio.fachada.IManterSupervisaoEstagioEJB;0.0
org.sigaepct.dominio.util.relatorio.Relatorio1Coluna;0.8099999999999999
org.sigaept.edu.dominio.PapelParticipante;0.7599
org.sigaept.edu.negocio.ejb.ManterVisitaTecnicaGerencialEJB;0.42
org.sigaept.edu.dominio.AbrangenciaProjetoExtensao;0.4599
org.sigaept.edu.negocio.fachada.IManterTipoSanguineoEJB;0.0
org.sigaept.edu.negocio.ejb.ManterAplicacaoPerguntasAssistenciaEstudantilEJB;0.42
org.sigaept.nucleo.dominio.GenericEntidadeIdDescricao;0.657
org.sigaept.auth.core.util.PrincipalUtil;0.3
org.sigaept.edu.negocio.fachada.IManterPeriodicidadeIngressoEJB;0.0
org.sigaept.edu.dominio.Email;1.257
org.sigaept.edu.dominio.AuditObjeto;2.2398
org.sigaept.edu.dominio.PeriodoAcompanhamento;18.048902856
org.sigaept.edu.dao.EtapaEnsinoDAO;2.94
org.sigaept.edu.negocio.fachada.IManterAprovadoProcessoSeletivoEJB;0.0
org.sigaept.edu.negocio.ejb.ManterTipoLancamentoDadosHistoricoEJB;0.42
org.sigaept.edu.negocio.fachada.IManterEixoTecnologicoCursoSuperiorEJB;0.0
org.sigaept.edu.dao.TipoLogradouroDAO;2.94
org.sigaept.edu.negocio.ejb.ManterEditalProcessoSeletivoEJB;0.42
org.sigaept.edu.dao.MatrizCurricularDAO;2.94
org.sigaept.edu.dominio.Cessao;11.013384077099996
org.sigaept.auth.core.dao.GrupoDAO;2.94
org.sigaept.edu.dominio.Aluno;10.811000789999998
org.sigaept.edu.dominio.ReaberturaTurmaPK;0.6
org.sigaept.edu.dao.AcaoDAO;2.94
org.sigaept.edu.dominio.EixoTecnologico;1.38183
org.sigaept.edu.dao.CTPSDAO;2.94
org.sigaept.edu.dominio.StatusAlunoCurso;1.0598999999999998
org.sigaept.edu.negocio.ejb.ManterTurmaEJB;0.42
org.sigaept.edu.negocio.fachada.IManterCriterioClassificacaoEJB;0.0
org.sigaept.edu.dao.AgenciaPagamentoDAO;2.94
org.sigaept.edu.dominio.TipoEtapa;0.4599
org.sigaept.edu.dominio.Avaliacao;41.85845153201459
org.sigaept.edu.dao.TipoEstagioObrigatorioDAO;2.94
org.sigaept.nucleo.util.validarformula.Se;0.0
org.sigaept.edu.dao.PermissaoDAO;2.94
org.sigaept.edu.dao.PCCDAO;2.94
org.sigaept.edu.negocio.fachada.IManterAreaEstagioEJB;0.0
org.sigaept.edu.negocio.ejb.ManterEgressoEJB;0.42
org.sigaept.auth.core.dao.PerfilAcaoDAO;2.94
org.sigaept.edu.dominio.CancelamentoMatriculaCurso;48.07999753649728
org.sigaept.edu.dao.TipoParticipanteEnadeDAO;2.94
org.sigaept.edu.negocio.fachada.IManterProcedimentoTreinamentoEJB;0.0
org.sigaepct.dominio.util.relatorio.RelatorioCincoColunaTitulo;1.5
org.sigaept.edu.dominio.TipoCargaHorariaParticipante;0.4599
org.sigaept.edu.negocio.fachada.IManterProgramaEducacaoSuperiorEJB;0.0
org.sigaept.auth.core.modelo.CDU;3.2118299999999995
org.sigaept.edu.dao.PreProjetoEstagioDAO;2.94
org.sigaept.edu.dao.LocalizacaoDAO;2.94
org.sigaept.edu.negocio.fachada.IManterAproveitamentoAceleracaoeDispensaEJB;0.0
org.sigaept.edu.negocio.fachada.IManterTipoDataAcademicaEJB;0.0
org.sigaept.edu.dao.RelatorioAcompanhamentoDAO;2.94
org.sigaept.edu.dominio.util.EtapaConceitoAlunos;2.9449539899999997
org.sigaept.edu.dominio.MotivoEnade;0.657
org.sigaept.auth.core.util.ValidadorDuracao;3.51
org.sigaept.edu.dao.HorarioAulaDAO;2.94
org.sigaept.edu.negocio.ejb.ManterEtapaAvaliacaoEJB;0.42
org.sigaept.edu.dominio.LancamentoDadosHistorico;83.44263507851187
org.sigaept.edu.dao.ChamadaProcessoSeletivoDAO;2.94
org.sigaept.nucleo.util.validarformula.ArredondarMeioPonto;0.0
org.sigaept.edu.dominio.TCC;11.560160978099999
org.sigaept.edu.negocio.ejb.ManterInscricaoProgramasAssistenciaEstudantilEJB;0.42
org.sigaept.edu.dominio.Treinamento;3.047181
org.sigaepct.dominio.util.relatorio.RelatorioSeisColunaValor;3.5999999999999996
org.sigaept.edu.dominio.RelatorioPentaho;15.250786079999997
org.sigaept.edu.negocio.fachada.IManterRegimeMatriculaEJB;0.0
org.sigaept.edu.dominio.ConjuntoTemplateRelatorioEstagio;19.898333159999996
org.sigaept.edu.dominio.EditalProjetoPesquisaExtensao;9.01580499
org.sigaept.edu.negocio.fachada.IManterCancelamentoMatriculaClasseEJB;0.0
org.sigaept.edu.negocio.fachada.IManterMaterialApoioEJB;0.0
org.sigaept.edu.dominio.util.DocenteElemento;0.8999999999999999
org.sigaept.edu.dao.CancelamentoMatriculaCursoDAO;2.94
org.sigaept.edu.dominio.UnidadeFederativa;0.7599
org.sigaept.edu.negocio.ejb.ManterElementoOrganizacionalEJB;0.42
org.sigaept.edu.dao.ProfissaoDAO;2.94
org.sigaept.auth.web.faces.FacesAutenticacaoUtil;0.3
org.sigaept.edu.negocio.fachada.IManterMatriculaEJB;0.0
org.sigaept.edu.negocio.fachada.IManterSexoEJB;0.0
org.sigaept.edu.dominio.AmbienteAprendizagem;13.248429035999996
org.sigaept.edu.negocio.fachada.IManterConselhoClasseEJB;0.0
org.sigaept.nucleo.util.web.TelefoneConverter;0.6
org.sigaept.edu.dao.RelatorioFinalEstagioTramiteDAO;2.94
org.sigaept.edu.dao.ProjetoExtensaoDAO;2.94
org.sigaept.edu.dominio.CategoriaConvenio;0.4599
org.sigaept.edu.negocio.fachada.IManterOrganizacaoAcademicaEJB;0.0
org.sigaept.auth.core.credencial.LoginCredential;0.6
org.sigaept.edu.dominio.TipoEstagioObrigatorio;0.4599
org.sigaept.edu.dominio.HistoricoMatriculaMatriz;51.64627067159727
org.sigaept.edu.dominio.InstituicaoMantenedora;1.0598999999999998
org.sigaept.edu.dominio.util.DiarioFalta;3.3
org.sigaept.edu.dominio.TipoSituacaoMatricula;1.0598999999999998
org.sigaept.edu.negocio.ejb.ManterRelatorioPentahoEJB;0.42
org.sigaept.edu.negocio.ejb.ManterValidaDocumentoEJB;0.42
org.sigaept.edu.negocio.fachada.IManterParticipacaoEJB;0.0
org.sigaept.edu.dominio.PeriodoAvaliacaoDocentePeriodoLetivo;17.023033045199995
org.sigaept.edu.dao.MaterialApoioDAO;2.94
org.sigaept.edu.dominio.LotacaoServidor;14.602510067099997
org.sigaept.edu.dao.EquivalenciaDAO;2.94
org.sigaept.edu.dominio.RelatorioFinalEstagio;49.800501775948106
org.sigaept.edu.negocio.fachada.IManterAulaEJB;0.0
org.sigaept.edu.dao.ParticipacaoEventoExternoDAO;2.94
org.sigaept.edu.negocio.ejb.ManterCursoEJB;0.42
org.sigaept.edu.negocio.fachada.IManterAlunoEJB;0.0
org.sigaept.edu.dominio.AnoConclusaoInstituicaoOrigem;11.160329252999997
org.sigaept.edu.dao.DataEspecialDAO;2.94
org.sigaept.edu.dominio.SituacaoFuncionamento;0.4599
org.sigaept.edu.dao.AulaAntecipacaoReposicaoDAO;2.94
org.sigaept.edu.dominio.RelatorioAcompanhamento;13.891231999200002
org.sigaept.edu.dao.VerificacaoCasoDAO;2.94
org.sigaept.edu.dominio.PeriodoMatrizCurricular;1.0818299999999998
org.sigaept.edu.dominio.TipoLogradouro;0.7599
org.sigaept.edu.negocio.ejb.ManterPessoaFisicaEJB;0.42
org.sigaept.edu.dao.PaisDAO;2.94
org.sigaept.edu.negocio.ejb.ManterMaterialApoioEJB;0.42
org.sigaept.edu.dominio.ParticipacaoConselhoPK;0.6
org.sigaept.edu.dao.TrabalhoConclusaoDAO;2.94
org.sigaept.edu.dominio.PessoaFisica;10.0014297
org.sigaept.edu.dao.SituacaoFuncionamentoDAO;2.94
org.sigaept.edu.negocio.ejb.ManterOrganizacaoAcademicaEJB;0.42
org.sigaept.nucleo.util.ValidadorCampo;4.2
org.sigaept.edu.dao.TipoElementoCurricularDAO;2.94
org.sigaept.edu.dao.ContaCorrentePagamentoDAO;2.94
org.sigaept.edu.negocio.fachada.IManterContextoPermissaoAcessoEJB;0.0
org.sigaept.edu.dao.TipoAvaliacaoDAO;2.94
org.sigaept.edu.negocio.ejb.ManterConvenioEstagioEJB;0.42
org.sigaept.edu.negocio.fachada.IManterEgressoEJB;0.0
org.sigaept.edu.dao.ContextoRegraDAO;2.94
org.sigaept.edu.negocio.ejb.ManterTipoOcorrenciaEJB;0.42
org.sigaept.edu.dominio.Graduacao;0.357
org.sigaept.edu.dominio.TipoDataEspecial;0.4599
org.sigaept.edu.negocio.fachada.IManterRelatorioAlunoEJB;0.0
org.sigaept.edu.dao.SupervisaoEstagioDAO;2.94
org.sigaept.edu.dominio.ValidaTipoDocumento;0.4599
org.sigaept.edu.dao.TermoAditivoDAO;2.94
org.sigaept.edu.dominio.TermoCompromisso;0.957
org.sigaept.edu.dominio.Versao;1.257
org.sigaept.edu.negocio.ejb.ManterEstagioMatriculaEJB;0.42
org.sigaept.edu.dominio.Docente;8.598735077099997
org.sigaept.nucleo.dominio.GenericEntidade;0.3
org.sigaept.edu.dominio.ProcedimentoElementoCurricular;53.220545056497286
org.sigaept.edu.dominio.TemplateRelatorioEstagio;15.990763211999994
org.sigaept.edu.negocio.ejb.ManterInstituicaoExternaEJB;0.42
org.sigaept.edu.dominio.TipoProcedimentoCurricular;0.7599
org.sigaept.edu.dominio.PISPASEP;5.5706005529999985
org.sigaept.edu.dominio.AplicacaoPerguntasAssistenciaEstudantil;0.4599
org.sigaept.edu.dao.FormaAvaliacaoDAO;2.94
org.sigaept.edu.dominio.TipoVinculoClasse;0.7599
org.sigaept.nucleo.util.web.AutoCompleteIndexConverter;0.3
org.sigaept.edu.dominio.ClassificacaoTipoParentesco;0.4599
org.sigaept.edu.dominio.Curso;14.448585690000002
org.sigaept.edu.negocio.ejb.ManterDiaSemanaEJB;0.42
org.sigaept.edu.dominio.ResultadoAvaliacao;86.35069654026852
org.sigaept.edu.negocio.fachada.IImprimirDiarioDeClasseEJB;0.0
org.sigaept.nucleo.util.EmailUtil;0.3
org.sigaept.edu.negocio.ejb.ManterCargoEJB;0.42
org.sigaept.edu.negocio.fachada.IManterFuncaoServidorEJB;0.0
org.sigaept.edu.dominio.util.PedidoRenovacaoRelatorio;0.8999999999999999
org.sigaept.edu.dao.TipoDataAcademicaDAO;2.94
org.sigaept.edu.dao.IngressoDAO;2.94
org.sigaept.edu.negocio.fachada.IManterMatrizCurricularEJB;0.0
org.sigaept.edu.dao.EnadeDAO;2.94
org.sigaept.edu.dominio.AplicacaoPerguntaAssisEstudantil;0.7599
org.sigaept.edu.dao.MotivoEnadeDAO;2.94
org.sigaept.nucleo.web.mb.GenericCrudMB;3.0
org.sigaept.auth.core.service.SubjectService;5.01
org.sigaept.edu.negocio.ejb.ManterIngressoEJB;0.42
org.sigaept.edu.dao.AditivoEstagioDAO;2.94
org.sigaept.edu.dao.NivelEnsinoDAO;2.94
org.sigaept.edu.dominio.CursoFIC;10.114009983
org.sigaept.edu.negocio.fachada.IManterGrupoEJB;0.0
org.sigaept.edu.dominio.TCCMatricula;67.16142572133627
org.sigaept.auth.web.taglib.SemPermissaoTag;1.77
org.sigaept.edu.dominio.Parentesco;10.211981552999998
org.sigaept.edu.dominio.DocenciaGradeHorario;43.240582095984585
org.sigaept.edu.dominio.NivelFuncionalServidor;0.7599
org.sigaept.edu.negocio.fachada.IManterGradeHorariaEJB;0.0
org.sigaept.edu.dao.OrgaosExternosDAO;2.94
org.sigaept.edu.negocio.fachada.IManterAtividadeComplementarMatriculaEJB;0.0
org.sigaept.edu.dao.MenuDAO;3.2399999999999998
org.sigaept.edu.negocio.fachada.IAuditColecaoEJB;0.0
org.sigaepct.dominio.util.relatorio.Relatorio6Colunas;1.8599999999999999
org.sigaept.nucleo.annotation.manager.AnnotatedClassImpl;1.5
org.sigaept.edu.negocio.fachada.IManterStatusAlunoEJB;0.0
org.sigaept.auth.core.modelo.Grupo;3.1380809999999997
org.sigaept.edu.dominio.TipoUnidadeEnsino;0.4599
org.sigaept.auth.core.util.DBUtil;3.3
org.sigaept.edu.dominio.RegimeMatricula;0.7818299999999999
org.sigaept.edu.dominio.VerificacaoCasoLog;1.29183
org.sigaept.edu.dominio.StatusTramitePreProjetoEstagio;0.4599
org.sigaept.auth.core.principal.GenericoPrincipal;1.5299999999999998
org.sigaept.edu.dominio.PeriodoAvaliacaoDocentePeriodicidadeIngresso;8.1654884892
org.sigaept.edu.dao.TipoProcedimentoCurricularDao;2.94
org.sigaept.edu.dao.ProjetoPedagogicoCursoDAO;2.94
org.sigaept.edu.negocio.fachada.IManterEtapaAvaliacaoEJB;0.0
org.sigaept.edu.negocio.ejb.ManterEventoExternoEJB;0.42
org.sigaept.edu.dominio.util.Boletim;55.737300951597284
org.sigaept.edu.dao.SituacaoAvaliacaoProjetoExtensaoDAO;2.94
org.sigaept.edu.dao.TipoRegimeMatriculaDAO;2.94
org.sigaept.edu.negocio.ejb.ManterUsuarioEJB;0.42
org.sigaept.edu.negocio.fachada.IManterEditalProcessoSeletivoEJB;0.0
org.sigaept.edu.dominio.Acao;2.157
org.sigaept.edu.negocio.ejb.ManterPlanoEnsinoEJB;0.42
org.sigaept.edu.negocio.fachada.IManterCalendarioAcademicoEJB;0.0
org.sigaept.edu.dominio.util.DiarioNotasList;2.6999999999999997
org.sigaept.edu.dominio.util.DiarioClasseFrequenciaAUX;57.59278046785831
org.sigaept.edu.dominio.Sexo;0.7599
org.sigaept.edu.negocio.fachada.IManterAreaProcedenciaEJB;0.0
org.sigaept.edu.negocio.fachada.IRelatorioEJB;0.0
org.sigaept.edu.dao.TermoConvenioDAO;2.94
org.sigaept.edu.dominio.ElementoOrganizacional;6.062151
org.sigaept.edu.negocio.fachada.IManterGrauFormacaoEJB;0.0
org.sigaept.edu.dao.TipoEstagioRegularDAO;2.94
org.sigaept.edu.dominio.AvaliacaoDocente;12.294505079999999
org.sigaept.edu.dao.ElementoOrganizacionalDAO;2.94
org.sigaept.auth.core.permission.ActionsPermission;1.2
org.sigaept.edu.dao.AuditTabelaDAO;2.94
org.sigaept.edu.dominio.RelatorioComum;1.27893
org.sigaept.edu.dominio.PCC;11.560160978099999
org.sigaept.edu.dao.RelatorioDAO;0.3
org.sigaept.edu.dao.AuditTipoOperacaoDAO;2.94
org.sigaept.auth.core.modelo.PerfilAcao;5.172629999999999
org.sigaept.edu.negocio.fachada.IManterEmailEJB;0.0
org.sigaept.edu.dao.FormulaCriterioClassificacaoDAO;2.94
org.sigaept.edu.dao.TipoPerguntaDAO;2.94
org.sigaept.edu.dao.TipoUnidadeEnsinoDAO;2.94
org.sigaept.edu.dominio.RG;6.934460552999998
org.sigaept.edu.dominio.ConjuntoRegrasAcademicasMatriz;25.288489244099996
org.sigaept.edu.negocio.ejb.ManterTipoEscolaOrigemEJB;0.42
org.sigaept.edu.dominio.Tecnico;1.6989299999999998
org.sigaept.auth.core.modelo.UsuarioPerfil;5.740910999999999
org.sigaept.edu.dominio.TipoOcorrenciaLeaf;0.32192999999999994
org.sigaept.edu.negocio.ejb.ManterEquipamentoEnsinoEJB;0.42
org.sigaept.edu.dao.PlanoEnsinoDAO;2.94
org.sigaept.edu.negocio.ejb.ManterElementoCurricularEJB;27.474
org.sigaept.edu.dominio.EnturmacaoPK;0.6
org.sigaept.edu.dominio.AgenciaPagamento;1.18893
org.sigaept.edu.dao.InstituicaoParticipanteDAO;2.94
org.sigaept.edu.dominio.SupervisaoEstagioNaoObrigatorio;5.50434909
org.sigaept.edu.negocio.fachada.IManterTemplateRelatorioEstagioEJB;0.0
org.sigaept.edu.dao.TipoAbonoDAO;2.94
org.sigaept.edu.dao.DataFixaDAO;2.94
org.sigaept.edu.dao.TurnoDAO;2.94
org.sigaept.edu.dominio.util.ClasseAuxiliarHorarios;1.2698999999999998
org.sigaept.edu.dao.LotacaoServidorDAO;2.94
org.sigaept.edu.dao.AreaUnescoDAO;2.94
org.sigaept.edu.dao.ConjuntoRegrasAcademicasDAO;2.94
org.sigaept.edu.dao.PeriodoAcompanhamentoDAO;2.94
org.sigaept.edu.dominio.CategoriaProjetoExtensaoComposite;0.6219299999999999
org.sigaept.edu.dominio.util.VeriricacaoCaso02A01;0.6
org.sigaept.edu.negocio.fachada.IManterTipoEquipamentoEJB;0.0
org.sigaept.edu.dominio.CancelamentoMatriculaClasse;84.32649507851187
org.sigaept.edu.negocio.ejb.EfetuarLoginEJB;0.8999999999999999
org.sigaept.auth.web.IniciarPolicyServlet;0.6
org.sigaept.edu.dominio.util.NumerosPeriodoLetivo;0.6
org.sigaept.edu.negocio.fachada.IManterTipoDataEspecialEJB;0.0
org.sigaept.nucleo.util.validarformula.Media;0.0
org.sigaept.edu.dominio.EstruturaEtapaAvaliacaoMatrizCurricularPK;0.8999999999999999
org.sigaept.edu.dominio.OrgaosExternos;0.7599
org.sigaept.edu.dominio.PeriodoAvaliacaoDocente;10.395083556
org.sigaept.edu.dao.ClassificacaoTipoParentescoDAO;2.94
org.sigaept.edu.negocio.ejb.ManterEstruturaOrganizacionalEJB;0.42
org.sigaept.edu.dominio.DataAcademica;19.178515435199998
org.sigaept.nucleo.util.web.NumeroConverter;0.0
org.sigaept.edu.dao.DescricaoCriterioClassificacaoDAO;2.94
org.sigaept.edu.dominio.TipoAvaliacao;0.4599
org.sigaept.edu.dominio.ElementoMatrizPK;0.6
org.sigaept.edu.dominio.Enade;14.746984688099998
org.sigaept.edu.negocio.fachada.IManterAvaliarProjetoExtensaoEJB;0.0
org.sigaept.edu.negocio.ejb.ManterOfertaVagaEJB;0.42
org.sigaept.edu.dao.LancamentoDadosHistoricoDAO;2.94
org.sigaept.edu.dominio.util.MatrizCurricularAux;12.4870846881
org.sigaept.edu.dao.EnderecoDAO;2.94
org.sigaept.edu.negocio.ejb.ManterPessoaExternaEJB;0.42
org.sigaept.edu.dominio.TipoAtoAutorizativo;0.4599
org.sigaept.edu.dao.ProgramaEducacaoSuperiorDAO;2.94
