AuditAcessoEJB.java;/home/alessandro/workspace_siga/sigaept-edu-ejb/ejbModule/org/sigaept/edu/negocio/ejb
ManterAmbienteAprendizagemEJB.java;/home/alessandro/workspace_siga/sigaept-edu-ejb/ejbModule/org/sigaept/edu/negocio/ejb
ManterAplicacaoPerguntasAssistenciaEstudantilEJB.java;/home/alessandro/workspace_siga/sigaept-edu-ejb/ejbModule/org/sigaept/edu/negocio/ejb
ManterAprovadoProcessoSeletivoEJB.java;/home/alessandro/workspace_siga/sigaept-edu-ejb/ejbModule/org/sigaept/edu/negocio/ejb
ManterCargoEJB.java;/home/alessandro/workspace_siga/sigaept-edu-ejb/ejbModule/org/sigaept/edu/negocio/ejb
ManterCategoriaProjetoExtensaoEJB.java;/home/alessandro/workspace_siga/sigaept-edu-ejb/ejbModule/org/sigaept/edu/negocio/ejb
ManterClasseServidorEJB.java;/home/alessandro/workspace_siga/sigaept-edu-ejb/ejbModule/org/sigaept/edu/negocio/ejb
ManterConfiguracaoGeralEJB.java;/home/alessandro/workspace_siga/sigaept-edu-ejb/ejbModule/org/sigaept/edu/negocio/ejb
ManterConjuntoTemplateRelatorioEstagioEJB.java;/home/alessandro/workspace_siga/sigaept-edu-ejb/ejbModule/org/sigaept/edu/negocio/ejb
ManterConvenioEstagioEJB.java;/home/alessandro/workspace_siga/sigaept-edu-ejb/ejbModule/org/sigaept/edu/negocio/ejb
ManterCriterioClassificacaoEJB.java;/home/alessandro/workspace_siga/sigaept-edu-ejb/ejbModule/org/sigaept/edu/negocio/ejb
ManterDataFixaEJB.java;/home/alessandro/workspace_siga/sigaept-edu-ejb/ejbModule/org/sigaept/edu/negocio/ejb
ManterDataLimiteEtapaEJB.java;/home/alessandro/workspace_siga/sigaept-edu-ejb/ejbModule/org/sigaept/edu/negocio/ejb
ManterDiaSemanaEJB.java;/home/alessandro/workspace_siga/sigaept-edu-ejb/ejbModule/org/sigaept/edu/negocio/ejb
ManterEditalProcessoSeletivoEJB.java;/home/alessandro/workspace_siga/sigaept-edu-ejb/ejbModule/org/sigaept/edu/negocio/ejb
ManterEgressoEJB.java;/home/alessandro/workspace_siga/sigaept-edu-ejb/ejbModule/org/sigaept/edu/negocio/ejb
ManterEixoTecnologicoCursoSuperiorEJB.java;/home/alessandro/workspace_siga/sigaept-edu-ejb/ejbModule/org/sigaept/edu/negocio/ejb
ManterEixoTecnologicoEJB.java;/home/alessandro/workspace_siga/sigaept-edu-ejb/ejbModule/org/sigaept/edu/negocio/ejb
ManterEnadeEJB.java;/home/alessandro/workspace_siga/sigaept-edu-ejb/ejbModule/org/sigaept/edu/negocio/ejb
ManterEquipamentoEnsinoEJB.java;/home/alessandro/workspace_siga/sigaept-edu-ejb/ejbModule/org/sigaept/edu/negocio/ejb
ManterEstadoCivilEJB.java;/home/alessandro/workspace_siga/sigaept-edu-ejb/ejbModule/org/sigaept/edu/negocio/ejb
ManterEtniaEJB.java;/home/alessandro/workspace_siga/sigaept-edu-ejb/ejbModule/org/sigaept/edu/negocio/ejb
ManterEventoExternoEJB.java;/home/alessandro/workspace_siga/sigaept-edu-ejb/ejbModule/org/sigaept/edu/negocio/ejb
ManterGrauFormacaoEJB.java;/home/alessandro/workspace_siga/sigaept-edu-ejb/ejbModule/org/sigaept/edu/negocio/ejb
ManterInscricaoProgramasAssistenciaEstudantilEJB.java;/home/alessandro/workspace_siga/sigaept-edu-ejb/ejbModule/org/sigaept/edu/negocio/ejb
ManterInstituicaoExternaEJB.java;/home/alessandro/workspace_siga/sigaept-edu-ejb/ejbModule/org/sigaept/edu/negocio/ejb
ManterLancamentoDadosHistoricoEJB.java;/home/alessandro/workspace_siga/sigaept-edu-ejb/ejbModule/org/sigaept/edu/negocio/ejb
ManterLocalizacaoEJB.java;/home/alessandro/workspace_siga/sigaept-edu-ejb/ejbModule/org/sigaept/edu/negocio/ejb
ManterMaterialApoioEJB.java;/home/alessandro/workspace_siga/sigaept-edu-ejb/ejbModule/org/sigaept/edu/negocio/ejb
ManterNivelFuncionalServidorEJB.java;/home/alessandro/workspace_siga/sigaept-edu-ejb/ejbModule/org/sigaept/edu/negocio/ejb
ManterOfertaVagaEJB.java;/home/alessandro/workspace_siga/sigaept-edu-ejb/ejbModule/org/sigaept/edu/negocio/ejb
ManterPerguntasProgramasAssistenciaEstudantilEJB.java;/home/alessandro/workspace_siga/sigaept-edu-ejb/ejbModule/org/sigaept/edu/negocio/ejb
ManterPeriodicidadeIngressoEJB.java;/home/alessandro/workspace_siga/sigaept-edu-ejb/ejbModule/org/sigaept/edu/negocio/ejb
ManterPeriodoAcompanhamentoEJB.java;/home/alessandro/workspace_siga/sigaept-edu-ejb/ejbModule/org/sigaept/edu/negocio/ejb
ManterPeriodoInscricaoProgramaAssisEstudantilEJB.java;/home/alessandro/workspace_siga/sigaept-edu-ejb/ejbModule/org/sigaept/edu/negocio/ejb
ManterProcedimentoTreinamentoEJB.java;/home/alessandro/workspace_siga/sigaept-edu-ejb/ejbModule/org/sigaept/edu/negocio/ejb
ManterProgramaAssistenciaEstudantilEJB.java;/home/alessandro/workspace_siga/sigaept-edu-ejb/ejbModule/org/sigaept/edu/negocio/ejb
ManterRelatorioAcompanhamentoEJB.java;/home/alessandro/workspace_siga/sigaept-edu-ejb/ejbModule/org/sigaept/edu/negocio/ejb
ManterRelatorioEstagioEJB.java;/home/alessandro/workspace_siga/sigaept-edu-ejb/ejbModule/org/sigaept/edu/negocio/ejb
ManterReservaAmbienteDeAprendizagemEJB.java;/home/alessandro/workspace_siga/sigaept-edu-ejb/ejbModule/org/sigaept/edu/negocio/ejb
ManterReservaEquipamentoEnsinoEJB.java;/home/alessandro/workspace_siga/sigaept-edu-ejb/ejbModule/org/sigaept/edu/negocio/ejb
ManterSexoEJB.java;/home/alessandro/workspace_siga/sigaept-edu-ejb/ejbModule/org/sigaept/edu/negocio/ejb
ManterSituacaoVinculoEJB.java;/home/alessandro/workspace_siga/sigaept-edu-ejb/ejbModule/org/sigaept/edu/negocio/ejb
ManterTemplateRelatorioEstagioEJB.java;/home/alessandro/workspace_siga/sigaept-edu-ejb/ejbModule/org/sigaept/edu/negocio/ejb
ManterTermoEstagioEJB.java;/home/alessandro/workspace_siga/sigaept-edu-ejb/ejbModule/org/sigaept/edu/negocio/ejb
ManterTipoDataEspecialEJB.java;/home/alessandro/workspace_siga/sigaept-edu-ejb/ejbModule/org/sigaept/edu/negocio/ejb
ManterTipoEixoTecnologicoEJB.java;/home/alessandro/workspace_siga/sigaept-edu-ejb/ejbModule/org/sigaept/edu/negocio/ejb
ManterTipoEscolaOrigemEJB.java;/home/alessandro/workspace_siga/sigaept-edu-ejb/ejbModule/org/sigaept/edu/negocio/ejb
ManterTipoOcorrenciaEJB.java;/home/alessandro/workspace_siga/sigaept-edu-ejb/ejbModule/org/sigaept/edu/negocio/ejb
ManterTipoParentescoEJB.java;/home/alessandro/workspace_siga/sigaept-edu-ejb/ejbModule/org/sigaept/edu/negocio/ejb
ManterTipoSanguineoEJB.java;/home/alessandro/workspace_siga/sigaept-edu-ejb/ejbModule/org/sigaept/edu/negocio/ejb
ManterTreinamentoEJB.java;/home/alessandro/workspace_siga/sigaept-edu-ejb/ejbModule/org/sigaept/edu/negocio/ejb
ManterValidaDocumentoEJB.java;/home/alessandro/workspace_siga/sigaept-edu-ejb/ejbModule/org/sigaept/edu/negocio/ejb
ManterVerificacaoCasoEJB.java;/home/alessandro/workspace_siga/sigaept-edu-ejb/ejbModule/org/sigaept/edu/negocio/ejb
ManterVersaoEJB.java;/home/alessandro/workspace_siga/sigaept-edu-ejb/ejbModule/org/sigaept/edu/negocio/ejb
ManterVisitaTecnicaGerencialEJB.java;/home/alessandro/workspace_siga/sigaept-edu-ejb/ejbModule/org/sigaept/edu/negocio/ejb
MenuEJB.java;/home/alessandro/workspace_siga/sigaept-edu-ejb/ejbModule/org/sigaept/edu/negocio/ejb
RelatorioEJB.java;/home/alessandro/workspace_siga/sigaept-edu-ejb/ejbModule/org/sigaept/edu/negocio/ejb