AuditColecaoEJB.java;/home/alessandro/workspace_siga/sigaept-edu-ejb/ejbModule/org/sigaept/edu/negocio/ejb
AuditDadosEJB.java;/home/alessandro/workspace_siga/sigaept-edu-ejb/ejbModule/org/sigaept/edu/negocio/ejb
AuditObjetoEJB.java;/home/alessandro/workspace_siga/sigaept-edu-ejb/ejbModule/org/sigaept/edu/negocio/ejb
AuditSessaoEJB.java;/home/alessandro/workspace_siga/sigaept-edu-ejb/ejbModule/org/sigaept/edu/negocio/ejb
AuditStatusTransacaoEJB.java;/home/alessandro/workspace_siga/sigaept-edu-ejb/ejbModule/org/sigaept/edu/negocio/ejb
AuditTabelaEJB.java;/home/alessandro/workspace_siga/sigaept-edu-ejb/ejbModule/org/sigaept/edu/negocio/ejb
AuditTipoOperacaoEJB.java;/home/alessandro/workspace_siga/sigaept-edu-ejb/ejbModule/org/sigaept/edu/negocio/ejb
ManterAgenciaPagamentoEJB.java;/home/alessandro/workspace_siga/sigaept-edu-ejb/ejbModule/org/sigaept/edu/negocio/ejb
ManterAreaConhecimentoEJB.java;/home/alessandro/workspace_siga/sigaept-edu-ejb/ejbModule/org/sigaept/edu/negocio/ejb
ManterAreaEstagioEJB.java;/home/alessandro/workspace_siga/sigaept-edu-ejb/ejbModule/org/sigaept/edu/negocio/ejb
ManterAreaIngressoEJB.java;/home/alessandro/workspace_siga/sigaept-edu-ejb/ejbModule/org/sigaept/edu/negocio/ejb
ManterAreaProcedenciaEJB.java;/home/alessandro/workspace_siga/sigaept-edu-ejb/ejbModule/org/sigaept/edu/negocio/ejb
ManterAreaTematicaEJB.java;/home/alessandro/workspace_siga/sigaept-edu-ejb/ejbModule/org/sigaept/edu/negocio/ejb
ManterAreaUnescoEJB.java;/home/alessandro/workspace_siga/sigaept-edu-ejb/ejbModule/org/sigaept/edu/negocio/ejb
ManterBancoPagamentoEJB.java;/home/alessandro/workspace_siga/sigaept-edu-ejb/ejbModule/org/sigaept/edu/negocio/ejb
ManterCancelamentoMatriculaClasseEJB.java;/home/alessandro/workspace_siga/sigaept-edu-ejb/ejbModule/org/sigaept/edu/negocio/ejb
ManterCategoriaAmbienteAprendizagemEJB.java;/home/alessandro/workspace_siga/sigaept-edu-ejb/ejbModule/org/sigaept/edu/negocio/ejb
ManterCategoriaProgramaEJB.java;/home/alessandro/workspace_siga/sigaept-edu-ejb/ejbModule/org/sigaept/edu/negocio/ejb
ManterContaCorrentePagamentoEJB.java;/home/alessandro/workspace_siga/sigaept-edu-ejb/ejbModule/org/sigaept/edu/negocio/ejb
ManterDescricaoCriterioClassificacaoEJB.java;/home/alessandro/workspace_siga/sigaept-edu-ejb/ejbModule/org/sigaept/edu/negocio/ejb
ManterEixoTecnologicoCursoNaoCatalagoEJB.java;/home/alessandro/workspace_siga/sigaept-edu-ejb/ejbModule/org/sigaept/edu/negocio/ejb
ManterEixoTecnologicoCursoTecnicoEJB.java;/home/alessandro/workspace_siga/sigaept-edu-ejb/ejbModule/org/sigaept/edu/negocio/ejb
ManterEmailEJB.java;/home/alessandro/workspace_siga/sigaept-edu-ejb/ejbModule/org/sigaept/edu/negocio/ejb
ManterEstagioEJB.java;/home/alessandro/workspace_siga/sigaept-edu-ejb/ejbModule/org/sigaept/edu/negocio/ejb
ManterFonteFinanciamentoEJB.java;/home/alessandro/workspace_siga/sigaept-edu-ejb/ejbModule/org/sigaept/edu/negocio/ejb
ManterFormaOfertaEJB.java;/home/alessandro/workspace_siga/sigaept-edu-ejb/ejbModule/org/sigaept/edu/negocio/ejb
ManterFuncaoServidorEJB.java;/home/alessandro/workspace_siga/sigaept-edu-ejb/ejbModule/org/sigaept/edu/negocio/ejb
ManterModalidadeCursoEJB.java;/home/alessandro/workspace_siga/sigaept-edu-ejb/ejbModule/org/sigaept/edu/negocio/ejb
ManterMunicipioEJB.java;/home/alessandro/workspace_siga/sigaept-edu-ejb/ejbModule/org/sigaept/edu/negocio/ejb
ManterNecessidadeEspecialEJB.java;/home/alessandro/workspace_siga/sigaept-edu-ejb/ejbModule/org/sigaept/edu/negocio/ejb
ManterOrgaoExpedidorEJB.java;/home/alessandro/workspace_siga/sigaept-edu-ejb/ejbModule/org/sigaept/edu/negocio/ejb
ManterOrgaosExternos.java;/home/alessandro/workspace_siga/sigaept-edu-ejb/ejbModule/org/sigaept/edu/negocio/ejb
ManterPaisEJB.java;/home/alessandro/workspace_siga/sigaept-edu-ejb/ejbModule/org/sigaept/edu/negocio/ejb
ManterPapelParticipanteEJB.java;/home/alessandro/workspace_siga/sigaept-edu-ejb/ejbModule/org/sigaept/edu/negocio/ejb
ManterParentescoEJB.java;/home/alessandro/workspace_siga/sigaept-edu-ejb/ejbModule/org/sigaept/edu/negocio/ejb
ManterPlanoEstudoEJB.java;/home/alessandro/workspace_siga/sigaept-edu-ejb/ejbModule/org/sigaept/edu/negocio/ejb
ManterPoloEadEJB.java;/home/alessandro/workspace_siga/sigaept-edu-ejb/ejbModule/org/sigaept/edu/negocio/ejb
ManterProfissaoEJB.java;/home/alessandro/workspace_siga/sigaept-edu-ejb/ejbModule/org/sigaept/edu/negocio/ejb
ManterProgramaEducacaoSuperiorEJB.java;/home/alessandro/workspace_siga/sigaept-edu-ejb/ejbModule/org/sigaept/edu/negocio/ejb
ManterRegimeTrabalhoEJB.java;/home/alessandro/workspace_siga/sigaept-edu-ejb/ejbModule/org/sigaept/edu/negocio/ejb
ManterServidorPentahoEJB.java;/home/alessandro/workspace_siga/sigaept-edu-ejb/ejbModule/org/sigaept/edu/negocio/ejb
ManterSistemaEnsinoEJB.java;/home/alessandro/workspace_siga/sigaept-edu-ejb/ejbModule/org/sigaept/edu/negocio/ejb
ManterSituacaoCursoEJB.java;/home/alessandro/workspace_siga/sigaept-edu-ejb/ejbModule/org/sigaept/edu/negocio/ejb
ManterSituacaoFuncionamentoEJB.java;/home/alessandro/workspace_siga/sigaept-edu-ejb/ejbModule/org/sigaept/edu/negocio/ejb
ManterTipoAtividadeComplementarEJB.java;/home/alessandro/workspace_siga/sigaept-edu-ejb/ejbModule/org/sigaept/edu/negocio/ejb
ManterTipoAtoAutorizativoEJB.java;/home/alessandro/workspace_siga/sigaept-edu-ejb/ejbModule/org/sigaept/edu/negocio/ejb
ManterTipoAvaliacaoEJB.java;/home/alessandro/workspace_siga/sigaept-edu-ejb/ejbModule/org/sigaept/edu/negocio/ejb
ManterTipoCargaHorariaParticipanteEJB.java;/home/alessandro/workspace_siga/sigaept-edu-ejb/ejbModule/org/sigaept/edu/negocio/ejb
ManterTipoDataAcademicaEJB.java;/home/alessandro/workspace_siga/sigaept-edu-ejb/ejbModule/org/sigaept/edu/negocio/ejb
ManterTipoEquipamentoEJB.java;/home/alessandro/workspace_siga/sigaept-edu-ejb/ejbModule/org/sigaept/edu/negocio/ejb
ManterTipoFeriadoEJB.java;/home/alessandro/workspace_siga/sigaept-edu-ejb/ejbModule/org/sigaept/edu/negocio/ejb
ManterTipoIngressoEJB.java;/home/alessandro/workspace_siga/sigaept-edu-ejb/ejbModule/org/sigaept/edu/negocio/ejb
ManterTipoPeriodoLetivoEJB.java;/home/alessandro/workspace_siga/sigaept-edu-ejb/ejbModule/org/sigaept/edu/negocio/ejb
ManterTipoRegistroLegalEJB.java;/home/alessandro/workspace_siga/sigaept-edu-ejb/ejbModule/org/sigaept/edu/negocio/ejb
ManterTipoTelefoneEJB.java;/home/alessandro/workspace_siga/sigaept-edu-ejb/ejbModule/org/sigaept/edu/negocio/ejb
ManterTipoUnidadeOrganizacionalEJB.java;/home/alessandro/workspace_siga/sigaept-edu-ejb/ejbModule/org/sigaept/edu/negocio/ejb
ManterTipoVinculoClasseEJB.java;/home/alessandro/workspace_siga/sigaept-edu-ejb/ejbModule/org/sigaept/edu/negocio/ejb